Order_ID,Order_Date,Region,Category,Product,Customer_Name,Quantity,Discount,Sales,Profit
1000,2023-01-01,North,Clothing,Jeans,Sneha Gupta,3,0.0,5117.14,1424.8
1001,2023-01-01,North,Stationery,Marker Pack,Rahul Sharma,8,0.0,4153.89,915.53
1002,2023-01-01,South,Stationery,Marker Pack,Sneha Gupta,8,0.2,1865.66,510.93
1003,2023-01-02,West,Clothing,Jacket,Amit Singh,4,0.1,1155.62,203.37
1004,2023-01-02,East,Clothing,Cap,Vikram Rao,1,0.15,915.16,269.63
1005,2023-01-02,West,Electronics,Tablet,Vikram Rao,10,0.1,12714.54,3063.12
1006,2023-01-02,North,Furniture,Sofa,Priya Verma,10,0.0,5801.41,1317.71
1007,2023-01-03,South,Clothing,Jacket,Sneha Gupta,5,0.0,3707.81,497.69
1008,2023-01-03,South,Furniture,Bookshelf,Karan Mehta,5,0.2,742.94,122.48
1009,2023-01-03,North,Furniture,Office Chair,Sanjay Malhotra,6,0.15,2281.82,324.47
1010,2023-01-03,East,Furniture,Bookshelf,Karan Mehta,8,0.05,2592.35,387.1
1011,2023-01-03,East,Stationery,Marker Pack,Manoj Pillai,10,0.15,4864.3,1456.69
1012,2023-01-04,West,Electronics,Smartphone,Kavita Das,2,0.05,2879.49,744.11
1013,2023-01-04,West,Stationery,Notebook,Karan Mehta,7,0.2,6785.83,1396.68
1014,2023-01-04,North,Electronics,Tablet,Sanjay Malhotra,5,0.1,2958.31,553.07
1015,2023-01-04,West,Electronics,Headphones,Rohit Kapoor,3,0.2,5041.71,1381.95
1016,2023-01-05,South,Furniture,Sofa,Sanjay Malhotra,3,0.2,1434.93,408.22
1017,2023-01-05,North,Stationery,Geometry Box,Pooja Iyer,1,0.0,1637.96,451.66
1018,2023-01-05,East,Furniture,Office Chair,Sneha Gupta,10,0.0,1785.05,352.01
1019,2023-01-05,North,Stationery,Pen Set,Amit Singh,8,0.2,2783.84,572.18
1020,2023-01-05,West,Furniture,Bed Frame,Sanjay Malhotra,4,0.1,1507.29,353.21
1021,2023-01-06,West,Stationery,Marker Pack,Priya Verma,7,0.05,1274.61,277.43
1022,2023-01-06,South,Stationery,Pen Set,Rahul Sharma,5,0.0,1273.16,346.21
1023,2023-01-06,North,Stationery,Pen Set,Vikram Rao,8,0.05,7782.85,1904.23
1024,2023-01-06,West,Furniture,Bookshelf,Sanjay Malhotra,7,0.05,1121.34,259.92
1025,2023-01-06,East,Groceries,Tea Pack,Pooja Iyer,1,0.0,259.65,63.78
1026,2023-01-07,South,Furniture,Wooden Table,Rohit Kapoor,8,0.05,2274.9,354.22
1027,2023-01-07,South,Electronics,Smart Watch,Sanjay Malhotra,9,0.0,2043.23,612.68
1028,2023-01-07,North,Electronics,Laptop,Amit Singh,7,0.15,10407.96,2840.65
1029,2023-01-08,South,Groceries,Rice Pack,Karan Mehta,5,0.15,1576.72,377.34
1030,2023-01-08,West,Furniture,Wooden Table,Vikram Rao,4,0.0,2266.36,472.4
1031,2023-01-08,East,Electronics,Smartphone,Neha Joshi,8,0.2,14957.89,3084.69
1032,2023-01-09,North,Furniture,Office Chair,Neha Joshi,2,0.05,1155.33,333.1
1033,2023-01-09,South,Stationery,File Folder,Rahul Sharma,17,0.0,6750.97,1438.26
1034,2023-01-09,East,Clothing,Jeans,Arjun Reddy,6,0.05,3571.45,450.63
1035,2023-01-10,West,Clothing,T-Shirt,Rahul Sharma,11,0.2,14693.13,1684.6
1036,2023-01-10,South,Stationery,Geometry Box,Amit Singh,6,0.0,4449.59,773.81
1037,2023-01-10,South,Groceries,Spices Set,Divya Menon,5,0.2,4099.55,1071.7
1038,2023-01-10,North,Stationery,Geometry Box,Manoj Pillai,2,0.05,1123.66,312.31
1039,2023-01-10,South,Clothing,Jacket,Neha Joshi,4,0.1,1166.49,264.62
1040,2023-01-11,West,Clothing,T-Shirt,Priya Verma,12,0.1,2522.25,641.22
1041,2023-01-11,East,Furniture,Bookshelf,Rohit Kapoor,7,0.2,613.61,70.6
1042,2023-01-11,South,Stationery,Notebook,Kavita Das,6,0.2,2385.27,443.56
1043,2023-01-11,North,Clothing,Jacket,Manoj Pillai,1,0.1,625.87,93.82
1044,2023-01-11,North,Clothing,Cap,Manoj Pillai,7,0.2,10434.4,2975.4
1045,2023-01-12,South,Furniture,Bookshelf,Rahul Sharma,9,0.1,4064.48,1058.58
1046,2023-01-12,South,Clothing,Jeans,Sanjay Malhotra,2,0.15,1721.05,467.64
1047,2023-01-12,South,Furniture,Bookshelf,Anjali Nair,5,0.05,891.07,206.73
1048,2023-01-12,West,Clothing,Jacket,Kavita Das,2,0.1,1252.09,252.77
1049,2023-01-13,North,Electronics,Headphones,Amit Singh,10,0.1,3969.02,870.46
1050,2023-01-13,East,Clothing,Shoes,Neha Joshi,9,0.0,7429.11,1599.62
1051,2023-01-13,East,Electronics,Smart Watch,Rahul Sharma,17,0.2,24613.17,6089.48
1052,2023-01-13,South,Clothing,Shoes,Priya Verma,9,0.2,3150.77,768.63
1053,2023-01-13,East,Stationery,Geometry Box,Arjun Reddy,7,0.1,3913.2,622.71
1054,2023-01-14,South,Groceries,Tea Pack,Arjun Reddy,3,0.2,1528.04,276.9
1055,2023-01-14,North,Clothing,Jacket,Sneha Gupta,7,0.2,8702.8,1431.17
1056,2023-01-14,West,Groceries,Cooking Oil,Rohit Kapoor,8,0.05,8005.14,1254.86
1057,2023-01-14,East,Electronics,Laptop,Arjun Reddy,5,0.05,9886.1,1279.96
1058,2023-01-15,South,Groceries,Spices Set,Kavita Das,2,0.15,836.26,188.96
1059,2023-01-15,South,Groceries,Tea Pack,Karan Mehta,4,0.05,2728.67,275.89
1060,2023-01-15,North,Groceries,Cooking Oil,Amit Singh,9,0.15,2429.22,363.99
1061,2023-01-16,West,Furniture,Bookshelf,Arjun Reddy,9,0.2,4175.62,1210.96
1062,2023-01-16,West,Stationery,File Folder,Karan Mehta,9,0.15,8441.81,2099.74
1063,2023-01-16,West,Groceries,Snacks Box,Sanjay Malhotra,4,0.1,4318.68,882.13
1064,2023-01-17,East,Groceries,Rice Pack,Divya Menon,5,0.05,2749.46,450.75
1065,2023-01-17,North,Furniture,Wooden Table,Sneha Gupta,7,0.05,6420.49,724.53
1066,2023-01-17,West,Clothing,Cap,Pooja Iyer,7,0.0,3349.11,616.33
1067,2023-01-17,North,Stationery,Marker Pack,Pooja Iyer,1,0.1,580.65,103.35
1068,2023-01-18,South,Groceries,Cooking Oil,Vikram Rao,7,0.15,780.45,130.51
1069,2023-01-18,West,Furniture,Bookshelf,Manoj Pillai,3,0.2,1271.06,357.66
1070,2023-01-18,North,Electronics,Smart Watch,Amit Singh,8,0.05,3621.5,636.73
1071,2023-01-18,South,Groceries,Snacks Box,Anjali Nair,7,0.1,5089.65,1355.81
1072,2023-01-18,East,Electronics,Smart Watch,Rahul Sharma,14,0.0,35277.07,5109.69
1073,2023-01-18,North,Electronics,Smartphone,Sneha Gupta,4,0.0,8650.05,1277.69
1074,2023-01-19,North,Stationery,Pen Set,Pooja Iyer,5,0.1,1976.25,437.64
1075,2023-01-19,North,Furniture,Sofa,Priya Verma,17,0.0,20879.69,4916.53
1076,2023-01-19,West,Groceries,Cooking Oil,Priya Verma,15,0.05,4152.46,1121.41
1077,2023-01-19,North,Stationery,Notebook,Anjali Nair,9,0.15,9307.13,1059.07
1078,2023-01-19,East,Electronics,Smart Watch,Kavita Das,8,0.0,9881.85,1704.0
1079,2023-01-19,West,Furniture,Bookshelf,Amit Singh,9,0.1,4833.6,1372.37
1080,2023-01-20,West,Groceries,Spices Set,Vikram Rao,6,0.05,7344.11,861.7
1081,2023-01-20,West,Furniture,Bookshelf,Neha Joshi,10,0.15,3122.17,620.88
1082,2023-01-20,East,Furniture,Bookshelf,Sneha Gupta,6,0.1,2211.6,610.54
1083,2023-01-20,East,Stationery,Notebook,Rohit Kapoor,4,0.0,1705.38,309.16
1084,2023-01-20,South,Groceries,Tea Pack,Pooja Iyer,1,0.0,379.4,68.63
1085,2023-01-20,South,Clothing,Cap,Anjali Nair,8,0.2,4230.64,783.09
1086,2023-01-21,East,Groceries,Snacks Box,Vikram Rao,5,0.05,1664.55,230.57
1087,2023-01-21,North,Stationery,Pen Set,Sneha Gupta,4,0.15,2075.18,452.22
1088,2023-01-21,East,Electronics,Laptop,Vikram Rao,4,0.1,2372.3,243.94
1089,2023-01-21,South,Clothing,T-Shirt,Rahul Sharma,13,0.1,9739.79,2216.52
1090,2023-01-21,West,Electronics,Smartphone,Neha Joshi,5,0.15,5143.87,864.9
1091,2023-01-22,East,Groceries,Rice Pack,Kavita Das,2,0.15,1549.59,333.79
1092,2023-01-22,North,Furniture,Wooden Table,Sanjay Malhotra,10,0.1,2086.35,312.2
1093,2023-01-22,West,Stationery,File Folder,Sanjay Malhotra,10,0.05,9219.93,1623.4
1094,2023-01-23,East,Stationery,Marker Pack,Vikram Rao,10,0.2,1658.04,484.18
1095,2023-01-23,North,Furniture,Wooden Table,Vikram Rao,2,0.05,787.54,165.7
1096,2023-01-23,South,Electronics,Smart Watch,Pooja Iyer,10,0.15,4801.89,702.49
1097,2023-01-23,East,Groceries,Rice Pack,Arjun Reddy,4,0.1,4893.11,1101.01
1098,2023-01-23,South,Groceries,Rice Pack,Rohit Kapoor,4,0.05,3626.24,962.14
1099,2023-01-23,North,Electronics,Laptop,Sanjay Malhotra,5,0.2,10157.24,2172.04
1100,2023-01-24,West,Electronics,Smart Watch,Divya Menon,5,0.15,9190.08,1838.88
1101,2023-01-24,West,Groceries,Rice Pack,Neha Joshi,1,0.15,983.32,217.06
1102,2023-01-24,North,Electronics,Laptop,Arjun Reddy,10,0.2,25081.59,7522.33
1103,2023-01-24,East,Stationery,Notebook,Sanjay Malhotra,3,0.15,1943.45,366.24
1104,2023-01-24,East,Furniture,Bed Frame,Karan Mehta,8,0.0,4217.55,766.2
1105,2023-01-25,North,Furniture,Sofa,Karan Mehta,8,0.1,6578.77,1184.77
1106,2023-01-25,North,Groceries,Rice Pack,Anjali Nair,5,0.1,2010.91,511.8
1107,2023-01-25,North,Stationery,Marker Pack,Karan Mehta,1,0.05,941.75,211.45
1108,2023-01-25,West,Groceries,Rice Pack,Sneha Gupta,5,0.2,1324.9,208.81
1109,2023-01-25,West,Electronics,Smartphone,Arjun Reddy,10,0.05,16002.51,2594.81
1110,2023-01-26,West,Electronics,Laptop,Kavita Das,2,0.15,3691.33,847.32
1111,2023-01-26,South,Groceries,Snacks Box,Rohit Kapoor,5,0.15,3762.53,1113.89
1112,2023-01-26,South,Groceries,Spices Set,Amit Singh,7,0.05,6429.68,1296.53
1113,2023-01-27,North,Clothing,Shoes,Anjali Nair,9,0.1,16339.05,2558.17
1114,2023-01-27,East,Stationery,File Folder,Arjun Reddy,8,0.05,5126.53,1009.25
1115,2023-01-27,East,Stationery,File Folder,Karan Mehta,8,0.1,8541.15,2529.5
1116,2023-01-27,South,Stationery,Marker Pack,Sneha Gupta,7,0.0,2250.15,437.87
1117,2023-01-28,West,Furniture,Bookshelf,Rahul Sharma,8,0.2,5654.8,1549.08
1118,2023-01-28,West,Electronics,Tablet,Manoj Pillai,8,0.0,13683.64,2490.36
1119,2023-01-28,South,Electronics,Smart Watch,Sanjay Malhotra,5,0.1,4639.75,832.82
1120,2023-01-28,North,Clothing,Cap,Karan Mehta,6,0.15,10859.9,1163.96
1121,2023-01-28,North,Furniture,Sofa,Sneha Gupta,2,0.15,2187.25,551.35
1122,2023-01-28,North,Groceries,Cooking Oil,Divya Menon,5,0.0,1546.12,400.8
1123,2023-01-29,East,Clothing,Shoes,Amit Singh,4,0.2,2784.4,658.12
1124,2023-01-29,South,Furniture,Wooden Table,Priya Verma,14,0.15,4884.11,974.54
1125,2023-01-29,South,Furniture,Bookshelf,Arjun Reddy,5,0.15,874.61,89.1
1126,2023-01-29,West,Clothing,Cap,Amit Singh,2,0.15,2702.3,804.02
1127,2023-01-29,East,Groceries,Snacks Box,Pooja Iyer,5,0.05,7975.5,2158.71
1128,2023-01-30,South,Groceries,Spices Set,Anjali Nair,10,0.1,9298.44,1478.88
1129,2023-01-30,West,Clothing,T-Shirt,Neha Joshi,1,0.2,1030.83,274.79
1130,2023-01-30,East,Furniture,Bed Frame,Sanjay Malhotra,6,0.05,3866.54,866.79
1131,2023-01-31,North,Electronics,Headphones,Sanjay Malhotra,8,0.0,16313.7,4020.87
1132,2023-01-31,North,Clothing,Jacket,Divya Menon,7,0.05,4490.86,1155.51
1133,2023-01-31,East,Stationery,File Folder,Manoj Pillai,5,0.05,2114.85,560.3
1134,2023-01-31,West,Clothing,Jacket,Sanjay Malhotra,2,0.15,2747.48,352.09
1135,2023-02-01,West,Stationery,Geometry Box,Priya Verma,10,0.0,4110.23,784.88
1136,2023-02-01,East,Stationery,Marker Pack,Kavita Das,6,0.0,5704.09,1108.28
1137,2023-02-01,East,Stationery,Pen Set,Arjun Reddy,2,0.15,2098.47,336.67
1138,2023-02-01,West,Electronics,Laptop,Rahul Sharma,4,0.1,8177.91,976.76
1139,2023-02-02,West,Groceries,Snacks Box,Arjun Reddy,9,0.15,7309.43,1793.15
1140,2023-02-02,West,Electronics,Smart Watch,Neha Joshi,7,0.1,1859.34,323.72
1141,2023-02-02,West,Groceries,Cooking Oil,Kavita Das,6,0.0,8963.45,1554.86
1142,2023-02-02,East,Electronics,Smart Watch,Vikram Rao,4,0.0,9617.43,2547.06
1143,2023-02-03,South,Stationery,Notebook,Rahul Sharma,13,0.05,10171.82,1434.64
1144,2023-02-03,South,Stationery,Pen Set,Kavita Das,4,0.1,2386.97,615.19
1145,2023-02-03,North,Clothing,Jeans,Amit Singh,9,0.1,16149.54,1970.01
1146,2023-02-04,South,Electronics,Headphones,Sanjay Malhotra,4,0.2,1953.84,263.47
1147,2023-02-04,North,Furniture,Bookshelf,Rohit Kapoor,2,0.0,1404.44,358.98
1148,2023-02-04,North,Groceries,Spices Set,Sneha Gupta,10,0.0,16705.04,4706.65
1149,2023-02-05,West,Electronics,Smartphone,Pooja Iyer,7,0.15,9733.44,1927.74
1150,2023-02-05,West,Electronics,Smartphone,Anjali Nair,10,0.05,3446.41,534.2
1151,2023-02-05,East,Groceries,Spices Set,Rohit Kapoor,5,0.15,3962.67,737.21
1152,2023-02-05,North,Stationery,Pen Set,Karan Mehta,8,0.05,6359.47,1688.34
1153,2023-02-05,West,Groceries,Rice Pack,Anjali Nair,7,0.1,6689.77,1169.77
1154,2023-02-06,West,Electronics,Smartphone,Kavita Das,2,0.0,2228.42,554.69
1155,2023-02-06,East,Furniture,Bed Frame,Rahul Sharma,18,0.2,8789.17,1093.78
1156,2023-02-06,East,Groceries,Rice Pack,Vikram Rao,10,0.1,6297.2,1357.57
1157,2023-02-06,South,Furniture,Bookshelf,Sneha Gupta,2,0.1,966.89,167.77
1158,2023-02-07,South,Groceries,Spices Set,Sanjay Malhotra,10,0.2,5886.23,1244.04
1159,2023-02-07,East,Electronics,Laptop,Vikram Rao,5,0.1,4716.55,642.78
1160,2023-02-07,South,Stationery,Marker Pack,Priya Verma,10,0.0,1519.08,217.27
1161,2023-02-07,West,Groceries,Snacks Box,Amit Singh,6,0.1,6151.37,1570.86
1162,2023-02-07,North,Electronics,Laptop,Amit Singh,10,0.0,23465.25,3623.52
1163,2023-02-08,West,Stationery,Marker Pack,Karan Mehta,5,0.05,4502.1,552.69
1164,2023-02-08,West,Electronics,Headphones,Arjun Reddy,10,0.15,11128.78,1799.34
1165,2023-02-08,South,Groceries,Spices Set,Rahul Sharma,5,0.05,1834.11,464.89
1166,2023-02-08,East,Clothing,Jacket,Priya Verma,5,0.15,6065.74,763.3
1167,2023-02-08,South,Stationery,File Folder,Kavita Das,6,0.0,2283.16,567.16
1168,2023-02-08,West,Electronics,Smart Watch,Manoj Pillai,2,0.1,2537.02,544.65
1169,2023-02-09,East,Electronics,Smart Watch,Rahul Sharma,13,0.05,25557.07,4907.45
1170,2023-02-09,East,Electronics,Smart Watch,Kavita Das,2,0.05,2356.22,424.33
1171,2023-02-09,North,Groceries,Snacks Box,Divya Menon,6,0.05,5044.91,674.13
1172,2023-02-09,North,Stationery,File Folder,Sneha Gupta,6,0.1,7217.75,1903.97
1173,2023-02-09,South,Furniture,Office Chair,Amit Singh,5,0.05,759.23,99.14
1174,2023-02-09,North,Furniture,Bookshelf,Pooja Iyer,10,0.2,5356.27,1525.63
1175,2023-02-10,East,Furniture,Bookshelf,Priya Verma,13,0.15,7443.2,1624.73
1176,2023-02-10,East,Stationery,Notebook,Vikram Rao,8,0.15,1223.25,212.54
1177,2023-02-10,East,Electronics,Smartphone,Neha Joshi,10,0.2,8992.05,1942.88
1178,2023-02-10,North,Groceries,Spices Set,Arjun Reddy,4,0.1,5136.96,1028.8
1179,2023-02-10,North,Groceries,Rice Pack,Sanjay Malhotra,6,0.0,7360.59,990.09
1180,2023-02-11,West,Groceries,Spices Set,Rohit Kapoor,10,0.05,6173.22,1750.65
1181,2023-02-11,West,Groceries,Snacks Box,Arjun Reddy,10,0.0,12316.62,2826.18
1182,2023-02-11,North,Clothing,T-Shirt,Rohit Kapoor,7,0.1,5014.04,1355.36
1183,2023-02-11,South,Clothing,T-Shirt,Neha Joshi,3,0.1,1171.3,270.82
1184,2023-02-12,South,Stationery,Notebook,Vikram Rao,9,0.15,4322.62,716.24
1185,2023-02-12,South,Stationery,Notebook,Arjun Reddy,7,0.2,1983.17,342.14
1186,2023-02-12,South,Furniture,Sofa,Sanjay Malhotra,8,0.05,1441.16,183.77
1187,2023-02-12,North,Clothing,T-Shirt,Rohit Kapoor,9,0.2,2349.2,393.15
1188,2023-02-12,South,Stationery,Marker Pack,Amit Singh,3,0.05,2011.28,511.31
1189,2023-02-12,South,Groceries,Rice Pack,Karan Mehta,6,0.05,5765.75,1280.68
1190,2023-02-13,South,Stationery,Pen Set,Vikram Rao,8,0.05,2725.66,788.88
1191,2023-02-13,West,Groceries,Snacks Box,Sanjay Malhotra,7,0.2,4891.96,1434.59
1192,2023-02-13,South,Stationery,Pen Set,Kavita Das,5,0.0,2816.57,774.06
1193,2023-02-13,North,Stationery,Notebook,Vikram Rao,2,0.05,1162.75,326.8
1194,2023-02-13,South,Groceries,Rice Pack,Manoj Pillai,4,0.15,3168.85,906.59
1195,2023-02-13,West,Electronics,Smart Watch,Rohit Kapoor,6,0.05,5816.35,676.56
1196,2023-02-14,North,Clothing,T-Shirt,Kavita Das,6,0.05,3107.29,489.01
1197,2023-02-14,West,Furniture,Bookshelf,Pooja Iyer,10,0.0,8347.28,866.45
1198,2023-02-14,South,Furniture,Bed Frame,Divya Menon,10,0.2,2400.8,612.77
1199,2023-02-14,South,Clothing,T-Shirt,Rahul Sharma,11,0.15,7220.67,1382.2
1200,2023-02-15,West,Stationery,File Folder,Rahul Sharma,13,0.2,4018.32,635.92
1201,2023-02-15,North,Stationery,Geometry Box,Sneha Gupta,10,0.15,4043.56,944.75
1202,2023-02-15,East,Electronics,Tablet,Rohit Kapoor,9,0.2,10863.48,1934.69
1203,2023-02-16,North,Groceries,Snacks Box,Vikram Rao,1,0.1,1613.34,272.59
1204,2023-02-16,North,Stationery,Geometry Box,Amit Singh,1,0.1,942.76,247.66
1205,2023-02-16,South,Groceries,Tea Pack,Arjun Reddy,3,0.05,464.73,118.62
1206,2023-02-16,West,Electronics,Headphones,Sneha Gupta,1,0.05,1943.36,317.0
1207,2023-02-16,East,Stationery,Marker Pack,Kavita Das,9,0.15,3372.18,845.26
1208,2023-02-16,South,Clothing,Jacket,Kavita Das,1,0.1,356.13,92.55
1209,2023-02-17,West,Groceries,Tea Pack,Anjali Nair,3,0.15,2801.81,486.03
1210,2023-02-17,East,Electronics,Smart Watch,Priya Verma,11,0.2,22078.17,4616.43
1211,2023-02-17,East,Electronics,Smartphone,Anjali Nair,5,0.1,5685.02,1384.49
1212,2023-02-17,South,Groceries,Snacks Box,Pooja Iyer,1,0.1,611.55,114.35
1213,2023-02-17,North,Electronics,Smart Watch,Anjali Nair,9,0.05,27188.08,3495.19
1214,2023-02-17,West,Electronics,Laptop,Priya Verma,11,0.1,9614.22,1023.69
1215,2023-02-18,West,Clothing,Jacket,Pooja Iyer,2,0.2,599.05,103.87
1216,2023-02-18,East,Clothing,Jeans,Priya Verma,7,0.05,6748.49,1907.86
1217,2023-02-18,North,Clothing,Jacket,Divya Menon,8,0.05,18448.49,2898.54
1218,2023-02-18,West,Furniture,Office Chair,Amit Singh,2,0.15,395.96,96.09
1219,2023-02-19,East,Clothing,T-Shirt,Rohit Kapoor,9,0.1,13504.83,3649.98
1220,2023-02-19,South,Clothing,Cap,Sneha Gupta,2,0.05,1766.83,260.34
1221,2023-02-19,West,Electronics,Headphones,Rohit Kapoor,10,0.1,10684.05,3168.91
1222,2023-02-20,North,Electronics,Headphones,Karan Mehta,8,0.2,9983.52,1815.87
1223,2023-02-20,North,Furniture,Sofa,Arjun Reddy,2,0.15,1172.61,238.59
1224,2023-02-20,South,Stationery,File Folder,Amit Singh,3,0.15,1172.35,320.8
1225,2023-02-20,North,Stationery,Pen Set,Vikram Rao,3,0.05,1970.68,476.64
1226,2023-02-21,East,Electronics,Headphones,Sneha Gupta,9,0.1,4340.68,696.96
1227,2023-02-21,North,Stationery,Pen Set,Neha Joshi,10,0.05,4275.26,961.49
1228,2023-02-21,East,Stationery,Notebook,Kavita Das,1,0.0,189.39,43.24
1229,2023-02-21,East,Furniture,Bed Frame,Karan Mehta,10,0.0,5526.2,1245.79
1230,2023-02-21,East,Clothing,Shoes,Sneha Gupta,7,0.1,5916.55,1406.5
1231,2023-02-22,West,Groceries,Tea Pack,Pooja Iyer,4,0.1,3534.88,574.48
1232,2023-02-22,East,Clothing,Shoes,Amit Singh,6,0.2,5370.9,879.88
1233,2023-02-22,West,Electronics,Headphones,Pooja Iyer,4,0.05,1621.3,256.23
1234,2023-02-22,West,Stationery,Marker Pack,Sneha Gupta,3,0.1,3087.44,754.03
1235,2023-02-23,South,Groceries,Spices Set,Pooja Iyer,8,0.1,4100.68,483.92
1236,2023-02-23,West,Stationery,Marker Pack,Sneha Gupta,4,0.2,1624.99,178.92
1237,2023-02-23,West,Stationery,Marker Pack,Vikram Rao,9,0.0,9438.71,1757.35
1238,2023-02-23,East,Clothing,Shoes,Anjali Nair,1,0.15,229.4,48.72
1239,2023-02-24,East,Electronics,Smart Watch,Rohit Kapoor,8,0.2,5673.0,1689.52
1240,2023-02-24,North,Furniture,Office Chair,Karan Mehta,6,0.1,4318.71,747.66
1241,2023-02-24,South,Furniture,Bed Frame,Rohit Kapoor,7,0.2,476.04,51.31
1242,2023-02-24,East,Groceries,Spices Set,Pooja Iyer,3,0.2,3644.2,466.3
1243,2023-02-24,East,Furniture,Bookshelf,Neha Joshi,5,0.2,1623.83,431.38
1244,2023-02-25,East,Groceries,Rice Pack,Anjali Nair,6,0.0,9897.63,2145.22
1245,2023-02-25,North,Stationery,Marker Pack,Vikram Rao,10,0.2,4318.74,476.23
1246,2023-02-25,West,Furniture,Bed Frame,Arjun Reddy,10,0.15,1806.2,426.53
1247,2023-02-25,North,Stationery,Notebook,Sneha Gupta,1,0.15,575.6,74.99
1248,2023-02-25,South,Groceries,Spices Set,Sanjay Malhotra,10,0.15,7828.14,1934.86
1249,2023-02-25,North,Furniture,Bed Frame,Sneha Gupta,9,0.1,10741.86,2101.9
1250,2023-02-26,East,Furniture,Bookshelf,Manoj Pillai,9,0.1,4830.67,1136.05
1251,2023-02-26,East,Stationery,Marker Pack,Sneha Gupta,4,0.1,2914.06,422.46
1252,2023-02-26,East,Clothing,Jeans,Divya Menon,8,0.1,7076.23,1500.85
1253,2023-02-26,East,Clothing,T-Shirt,Neha Joshi,9,0.15,12810.91,2291.95
1254,2023-02-26,East,Furniture,Sofa,Rahul Sharma,11,0.0,4565.23,1055.46
1255,2023-02-26,West,Furniture,Wooden Table,Kavita Das,9,0.1,6941.91,1660.74
1256,2023-02-27,North,Stationery,File Folder,Sneha Gupta,4,0.0,4979.56,1026.83
1257,2023-02-27,South,Electronics,Smartphone,Karan Mehta,6,0.15,1515.54,385.18
1258,2023-02-27,North,Stationery,Pen Set,Karan Mehta,8,0.15,8256.09,2073.78
1259,2023-02-27,East,Clothing,Jacket,Arjun Reddy,1,0.0,1269.7,185.94
1260,2023-02-28,South,Groceries,Cooking Oil,Manoj Pillai,1,0.15,715.3,98.18
1261,2023-02-28,East,Electronics,Smartphone,Vikram Rao,10,0.2,3962.86,1175.38
1262,2023-02-28,East,Groceries,Spices Set,Rohit Kapoor,8,0.05,11056.5,2140.58
1263,2023-03-01,North,Clothing,Jeans,Divya Menon,8,0.1,16567.06,1703.37
1264,2023-03-01,East,Clothing,Cap,Arjun Reddy,4,0.05,5704.46,1299.16
1265,2023-03-01,West,Groceries,Spices Set,Anjali Nair,2,0.15,2268.53,310.69
1266,2023-03-01,South,Groceries,Snacks Box,Manoj Pillai,4,0.0,1740.48,256.03
1267,2023-03-02,East,Clothing,Cap,Divya Menon,10,0.0,7747.69,1331.91
1268,2023-03-02,South,Electronics,Smartphone,Pooja Iyer,5,0.05,4305.9,863.35
1269,2023-03-02,East,Electronics,Headphones,Anjali Nair,10,0.05,8894.18,1127.01
1270,2023-03-02,South,Groceries,Spices Set,Anjali Nair,7,0.2,6708.65,1687.02
1271,2023-03-02,South,Furniture,Bed Frame,Kavita Das,2,0.2,626.59,150.85
1272,2023-03-03,North,Electronics,Tablet,Manoj Pillai,9,0.05,22110.01,2873.65
1273,2023-03-03,East,Stationery,Marker Pack,Priya Verma,11,0.2,7982.55,1509.47
1274,2023-03-03,North,Groceries,Cooking Oil,Rohit Kapoor,7,0.15,10125.8,2144.23
1275,2023-03-04,North,Groceries,Snacks Box,Kavita Das,1,0.05,1651.21,180.08
1276,2023-03-04,East,Electronics,Tablet,Rahul Sharma,8,0.15,2753.78,374.5
1277,2023-03-04,South,Groceries,Snacks Box,Manoj Pillai,7,0.15,6827.36,1920.9
1278,2023-03-04,West,Electronics,Tablet,Amit Singh,6,0.0,4456.71,924.55
1279,2023-03-04,South,Furniture,Office Chair,Sanjay Malhotra,1,0.1,362.73,88.44
1280,2023-03-05,West,Furniture,Wooden Table,Pooja Iyer,6,0.05,2261.85,650.24
1281,2023-03-05,North,Electronics,Smart Watch,Neha Joshi,1,0.05,1139.55,136.95
1282,2023-03-05,North,Groceries,Spices Set,Arjun Reddy,1,0.05,2039.77,368.08
1283,2023-03-05,South,Stationery,Pen Set,Sanjay Malhotra,1,0.05,546.86,86.32
1284,2023-03-05,East,Stationery,File Folder,Sanjay Malhotra,6,0.05,3558.33,457.79
1285,2023-03-05,South,Groceries,Snacks Box,Vikram Rao,1,0.2,991.81,273.68
1286,2023-03-06,West,Stationery,Marker Pack,Rahul Sharma,11,0.15,11472.27,2744.87
1287,2023-03-06,West,Furniture,Sofa,Karan Mehta,3,0.2,1439.59,388.5
1288,2023-03-06,East,Furniture,Bookshelf,Manoj Pillai,1,0.2,475.18,87.1
1289,2023-03-06,South,Groceries,Cooking Oil,Vikram Rao,4,0.1,3191.93,907.93
1290,2023-03-07,North,Stationery,Pen Set,Rahul Sharma,12,0.15,16144.85,1742.18
1291,2023-03-07,North,Furniture,Bed Frame,Divya Menon,9,0.05,7637.22,2091.79
1292,2023-03-07,East,Clothing,T-Shirt,Sneha Gupta,4,0.0,7135.05,1789.94
1293,2023-03-07,South,Stationery,Pen Set,Karan Mehta,4,0.2,1296.1,202.98
1294,2023-03-07,West,Stationery,Geometry Box,Vikram Rao,5,0.1,3840.9,766.09
1295,2023-03-08,West,Clothing,Jeans,Anjali Nair,6,0.15,1504.45,410.44
1296,2023-03-08,South,Electronics,Headphones,Rohit Kapoor,10,0.2,11668.97,1855.81
1297,2023-03-08,South,Clothing,Jeans,Karan Mehta,10,0.05,7463.21,1723.42
1298,2023-03-09,East,Groceries,Tea Pack,Pooja Iyer,3,0.1,1430.76,349.2
1299,2023-03-09,West,Furniture,Bed Frame,Arjun Reddy,1,0.2,118.96,32.04
1300,2023-03-09,North,Electronics,Smart Watch,Amit Singh,4,0.0,12377.93,1260.42
1301,2023-03-09,West,Clothing,T-Shirt,Neha Joshi,10,0.15,12317.47,1270.5
1302,2023-03-09,West,Electronics,Smartphone,Rohit Kapoor,5,0.2,11168.94,1155.19
1303,2023-03-10,South,Electronics,Smartphone,Rohit Kapoor,3,0.05,1515.75,311.17
1304,2023-03-10,East,Clothing,Shoes,Priya Verma,10,0.15,10074.68,3002.72
1305,2023-03-10,South,Clothing,T-Shirt,Arjun Reddy,1,0.0,664.59,116.59
1306,2023-03-10,West,Electronics,Smartphone,Divya Menon,3,0.0,4701.41,878.14
1307,2023-03-10,East,Stationery,Notebook,Manoj Pillai,9,0.0,4638.66,1300.01
1308,2023-03-10,West,Clothing,T-Shirt,Manoj Pillai,2,0.1,3421.09,727.67
1309,2023-03-11,South,Clothing,T-Shirt,Sneha Gupta,10,0.05,10555.94,2560.26
1310,2023-03-11,West,Electronics,Headphones,Amit Singh,10,0.05,16516.46,4457.6
1311,2023-03-11,East,Groceries,Cooking Oil,Sanjay Malhotra,2,0.2,2590.26,438.2
1312,2023-03-12,West,Furniture,Office Chair,Anjali Nair,10,0.2,8749.48,1569.14
1313,2023-03-12,East,Electronics,Headphones,Sanjay Malhotra,8,0.15,6540.05,1377.38
1314,2023-03-12,West,Groceries,Cooking Oil,Arjun Reddy,10,0.15,2860.56,639.97
1315,2023-03-13,North,Electronics,Headphones,Amit Singh,7,0.05,21395.26,3494.61
1316,2023-03-13,North,Electronics,Smartphone,Vikram Rao,8,0.1,23755.41,2861.25
1317,2023-03-13,North,Furniture,Bookshelf,Pooja Iyer,9,0.2,6791.27,819.43
1318,2023-03-13,North,Clothing,Cap,Priya Verma,16,0.2,31789.73,3257.43
1319,2023-03-14,West,Electronics,Tablet,Manoj Pillai,4,0.2,5189.23,1230.18
1320,2023-03-14,South,Furniture,Sofa,Vikram Rao,5,0.15,766.9,102.34
1321,2023-03-14,East,Groceries,Snacks Box,Pooja Iyer,2,0.1,1234.28,184.3
1322,2023-03-14,West,Stationery,File Folder,Sneha Gupta,8,0.0,2698.8,273.53
1323,2023-03-14,West,Clothing,Cap,Karan Mehta,6,0.15,4277.06,1125.27
1324,2023-03-14,South,Clothing,Jacket,Neha Joshi,4,0.15,1861.0,545.11
1325,2023-03-15,East,Groceries,Spices Set,Sanjay Malhotra,4,0.1,3314.68,872.75
1326,2023-03-15,West,Clothing,T-Shirt,Manoj Pillai,10,0.05,12568.3,2628.36
1327,2023-03-15,North,Groceries,Cooking Oil,Pooja Iyer,5,0.0,11724.2,3038.11
1328,2023-03-15,West,Groceries,Cooking Oil,Arjun Reddy,5,0.05,2954.91,386.59
1329,2023-03-15,West,Groceries,Rice Pack,Pooja Iyer,10,0.15,10077.92,2084.85
1330,2023-03-16,North,Clothing,Cap,Neha Joshi,2,0.0,4881.26,1130.11
1331,2023-03-16,East,Furniture,Bed Frame,Rahul Sharma,15,0.15,15585.14,4568.68
1332,2023-03-16,West,Electronics,Smartphone,Priya Verma,12,0.05,18181.68,3847.22
1333,2023-03-16,South,Groceries,Snacks Box,Karan Mehta,8,0.2,6001.99,781.15
1334,2023-03-16,North,Groceries,Rice Pack,Vikram Rao,7,0.0,4009.25,1155.21
1335,2023-03-16,South,Clothing,Jacket,Anjali Nair,8,0.05,6183.93,1049.17
1336,2023-03-17,West,Groceries,Snacks Box,Priya Verma,8,0.0,12603.34,1317.26
1337,2023-03-17,East,Electronics,Laptop,Manoj Pillai,4,0.2,2590.64,342.03
1338,2023-03-17,West,Groceries,Cooking Oil,Sanjay Malhotra,7,0.05,3383.0,783.03
1339,2023-03-18,North,Stationery,Pen Set,Pooja Iyer,10,0.15,8570.91,2065.14
1340,2023-03-18,South,Clothing,T-Shirt,Neha Joshi,2,0.2,613.79,101.4
1341,2023-03-18,West,Electronics,Headphones,Arjun Reddy,8,0.2,17680.48,2876.28
1342,2023-03-18,West,Stationery,Marker Pack,Neha Joshi,2,0.1,1140.33,218.46
1343,2023-03-18,South,Clothing,Cap,Neha Joshi,2,0.05,1037.53,153.26
1344,2023-03-18,North,Furniture,Sofa,Divya Menon,3,0.2,1813.66,397.71
1345,2023-03-19,West,Furniture,Bookshelf,Arjun Reddy,9,0.05,5842.56,1156.41
1346,2023-03-19,South,Furniture,Sofa,Kavita Das,8,0.2,740.06,127.15
1347,2023-03-19,North,Groceries,Cooking Oil,Sneha Gupta,7,0.2,8704.63,1732.17
1348,2023-03-19,West,Groceries,Tea Pack,Pooja Iyer,3,0.0,3470.49,899.47
1349,2023-03-19,South,Clothing,T-Shirt,Vikram Rao,4,0.2,1646.46,421.74
1350,2023-03-19,West,Stationery,File Folder,Priya Verma,17,0.0,8814.02,2332.69
1351,2023-03-20,North,Groceries,Spices Set,Sneha Gupta,7,0.0,14949.51,3449.37
1352,2023-03-20,South,Clothing,T-Shirt,Pooja Iyer,5,0.1,5636.93,661.76
1353,2023-03-20,North,Furniture,Wooden Table,Sanjay Malhotra,10,0.1,13235.06,2938.88
1354,2023-03-20,West,Furniture,Bed Frame,Amit Singh,4,0.05,3573.45,764.77
1355,2023-03-20,East,Stationery,File Folder,Amit Singh,6,0.1,3269.55,501.77
1356,2023-03-21,South,Groceries,Rice Pack,Vikram Rao,3,0.05,1203.05,291.47
1357,2023-03-21,South,Groceries,Tea Pack,Amit Singh,10,0.1,7780.87,1361.92
1358,2023-03-21,North,Electronics,Smart Watch,Rohit Kapoor,5,0.1,9628.67,1902.71
1359,2023-03-22,North,Groceries,Snacks Box,Kavita Das,2,0.2,2052.51,602.67
1360,2023-03-22,South,Groceries,Snacks Box,Anjali Nair,5,0.1,3466.59,437.2
1361,2023-03-22,West,Clothing,T-Shirt,Rahul Sharma,6,0.15,1222.09,230.07
1362,2023-03-23,West,Furniture,Wooden Table,Manoj Pillai,5,0.05,4803.0,1322.36
1363,2023-03-23,North,Clothing,Jacket,Priya Verma,14,0.05,6008.35,967.96
1364,2023-03-23,South,Groceries,Rice Pack,Divya Menon,2,0.0,759.41,87.78
1365,2023-03-24,West,Electronics,Smartphone,Divya Menon,6,0.0,16917.7,3120.69
1366,2023-03-24,South,Groceries,Rice Pack,Sneha Gupta,7,0.0,6894.95,830.74
1367,2023-03-24,East,Clothing,Jacket,Amit Singh,7,0.05,10406.16,2449.9
1368,2023-03-24,North,Stationery,File Folder,Rahul Sharma,18,0.05,19010.69,2711.14
1369,2023-03-25,West,Stationery,Marker Pack,Kavita Das,4,0.0,5514.16,705.83
1370,2023-03-25,North,Stationery,Marker Pack,Anjali Nair,7,0.1,11463.62,1714.47
1371,2023-03-25,North,Furniture,Bed Frame,Neha Joshi,10,0.2,4792.54,1381.48
1372,2023-03-25,North,Clothing,Jeans,Rohit Kapoor,10,0.2,6650.39,1186.1
1373,2023-03-26,South,Groceries,Tea Pack,Priya Verma,7,0.15,5215.51,1072.61
1374,2023-03-26,North,Clothing,Jacket,Amit Singh,7,0.2,8261.64,1728.92
1375,2023-03-26,South,Groceries,Rice Pack,Rahul Sharma,14,0.0,2045.94,220.89
1376,2023-03-27,West,Stationery,Geometry Box,Arjun Reddy,9,0.15,5595.6,1009.76
1377,2023-03-27,South,Clothing,T-Shirt,Vikram Rao,2,0.2,2125.17,626.63
1378,2023-03-27,South,Stationery,Geometry Box,Karan Mehta,10,0.0,3943.19,739.34
1379,2023-03-28,North,Furniture,Office Chair,Manoj Pillai,7,0.0,5977.15,1325.53
1380,2023-03-28,East,Furniture,Office Chair,Rahul Sharma,8,0.0,2494.29,510.33
1381,2023-03-28,East,Furniture,Sofa,Amit Singh,5,0.0,5004.01,529.78
1382,2023-03-28,West,Clothing,Cap,Priya Verma,11,0.2,12226.63,2335.77
1383,2023-03-29,North,Groceries,Spices Set,Amit Singh,6,0.05,5262.84,634.6
1384,2023-03-29,North,Furniture,Bed Frame,Rahul Sharma,7,0.0,3766.01,650.75
1385,2023-03-29,South,Furniture,Office Chair,Rohit Kapoor,7,0.05,2020.97,370.35
1386,2023-03-29,East,Clothing,T-Shirt,Neha Joshi,6,0.0,7648.46,2144.54
1387,2023-03-29,South,Furniture,Bed Frame,Rahul Sharma,12,0.0,8323.77,2120.11
1388,2023-03-30,East,Electronics,Tablet,Pooja Iyer,1,0.1,795.51,169.25
1389,2023-03-30,East,Stationery,Pen Set,Pooja Iyer,6,0.2,7859.75,2354.45
1390,2023-03-30,South,Stationery,Pen Set,Amit Singh,1,0.15,107.42,22.38
1391,2023-03-30,North,Clothing,T-Shirt,Sanjay Malhotra,7,0.1,3757.4,773.88
1392,2023-03-30,South,Groceries,Tea Pack,Rahul Sharma,7,0.1,1504.7,420.5
1393,2023-03-31,East,Groceries,Rice Pack,Neha Joshi,2,0.2,739.75,195.29
1394,2023-03-31,North,Stationery,File Folder,Rahul Sharma,12,0.05,7998.75,2161.12
1395,2023-03-31,West,Clothing,Jacket,Pooja Iyer,5,0.05,1660.06,233.31
1396,2023-03-31,North,Furniture,Office Chair,Amit Singh,8,0.15,4373.12,542.91
1397,2023-03-31,East,Furniture,Bookshelf,Vikram Rao,8,0.1,7867.55,929.03
1398,2023-03-31,East,Stationery,Notebook,Sneha Gupta,6,0.05,1743.71,260.94
1399,2023-04-01,West,Stationery,Notebook,Arjun Reddy,5,0.1,5732.47,772.59
1400,2023-04-01,West,Groceries,Spices Set,Divya Menon,9,0.05,3009.43,362.28
1401,2023-04-01,South,Electronics,Smartphone,Rahul Sharma,10,0.05,5155.87,899.43
1402,2023-04-01,North,Stationery,File Folder,Vikram Rao,2,0.0,4524.41,631.38
1403,2023-04-01,West,Furniture,Office Chair,Manoj Pillai,6,0.0,946.84,181.98
1404,2023-04-02,West,Groceries,Tea Pack,Rahul Sharma,11,0.15,4539.43,1278.58
1405,2023-04-02,East,Clothing,Shoes,Manoj Pillai,3,0.0,4523.18,1010.46
1406,2023-04-02,East,Groceries,Tea Pack,Manoj Pillai,9,0.15,2488.17,388.04
1407,2023-04-02,South,Groceries,Cooking Oil,Arjun Reddy,9,0.05,7421.25,1932.74
1408,2023-04-03,West,Clothing,Shoes,Rohit Kapoor,8,0.1,13865.37,2779.71
1409,2023-04-03,West,Clothing,Jeans,Rahul Sharma,11,0.2,5464.6,610.5
1410,2023-04-03,West,Stationery,Geometry Box,Sanjay Malhotra,10,0.05,14101.84,1692.6
1411,2023-04-04,East,Stationery,Notebook,Sanjay Malhotra,4,0.2,4633.33,1202.25
1412,2023-04-04,East,Furniture,Wooden Table,Sneha Gupta,10,0.1,9362.18,2242.48
1413,2023-04-04,North,Clothing,Cap,Neha Joshi,3,0.2,7136.61,1907.9
1414,2023-04-04,West,Stationery,Geometry Box,Amit Singh,8,0.0,2203.78,322.91
1415,2023-04-05,North,Stationery,Marker Pack,Rahul Sharma,10,0.2,5104.23,858.29
1416,2023-04-05,South,Clothing,T-Shirt,Rahul Sharma,7,0.2,5879.69,1498.58
1417,2023-04-05,East,Electronics,Headphones,Divya Menon,7,0.2,3367.99,540.07
1418,2023-04-05,South,Furniture,Bookshelf,Sanjay Malhotra,8,0.1,1442.09,423.61
1419,2023-04-06,South,Stationery,Pen Set,Karan Mehta,5,0.1,1004.39,246.85
1420,2023-04-06,West,Stationery,Notebook,Amit Singh,10,0.1,12707.82,3729.83
1421,2023-04-06,South,Stationery,Notebook,Manoj Pillai,8,0.05,3146.2,363.58
1422,2023-04-06,East,Clothing,Jeans,Arjun Reddy,2,0.1,2087.18,319.43
1423,2023-04-06,South,Electronics,Headphones,Vikram Rao,2,0.0,559.0,104.89
1424,2023-04-07,South,Groceries,Tea Pack,Manoj Pillai,7,0.1,4843.74,582.63
1425,2023-04-07,West,Stationery,Pen Set,Amit Singh,8,0.0,9962.39,1062.81
1426,2023-04-07,North,Clothing,Jacket,Priya Verma,8,0.1,5682.79,751.16
1427,2023-04-07,North,Stationery,Notebook,Anjali Nair,10,0.2,16400.43,3950.88
1428,2023-04-07,West,Furniture,Bed Frame,Manoj Pillai,7,0.05,1123.51,186.75
1429,2023-04-07,South,Groceries,Spices Set,Divya Menon,9,0.1,7313.49,1166.36
1430,2023-04-08,North,Groceries,Spices Set,Rohit Kapoor,8,0.05,3211.53,323.6
1431,2023-04-08,North,Clothing,Cap,Pooja Iyer,4,0.0,1536.32,206.12
1432,2023-04-08,East,Electronics,Smart Watch,Kavita Das,2,0.1,4572.23,887.88
1433,2023-04-09,North,Stationery,Marker Pack,Amit Singh,6,0.15,5002.2,946.19
1434,2023-04-09,East,Groceries,Tea Pack,Vikram Rao,4,0.1,4595.13,598.41
1435,2023-04-09,North,Electronics,Headphones,Sanjay Malhotra,9,0.15,31673.93,6903.18
1436,2023-04-09,North,Groceries,Spices Set,Karan Mehta,9,0.15,13347.57,1963.81
1437,2023-04-09,East,Electronics,Smart Watch,Manoj Pillai,1,0.2,1547.53,314.71
1438,2023-04-10,North,Groceries,Cooking Oil,Amit Singh,4,0.05,2300.76,424.89
1439,2023-04-10,West,Furniture,Wooden Table,Kavita Das,10,0.1,3978.57,976.42
1440,2023-04-10,North,Electronics,Smart Watch,Rohit Kapoor,7,0.2,9371.15,1454.78
1441,2023-04-10,West,Electronics,Tablet,Neha Joshi,9,0.15,4388.12,570.14
1442,2023-04-11,North,Stationery,Notebook,Sanjay Malhotra,5,0.2,8093.33,2230.35
1443,2023-04-11,East,Groceries,Tea Pack,Neha Joshi,10,0.15,2386.89,370.17
1444,2023-04-11,South,Stationery,File Folder,Arjun Reddy,7,0.0,3321.23,915.97
1445,2023-04-12,North,Groceries,Snacks Box,Manoj Pillai,6,0.0,6873.39,1778.36
1446,2023-04-12,East,Clothing,Shoes,Kavita Das,2,0.05,969.74,285.92
1447,2023-04-12,West,Clothing,Jacket,Divya Menon,7,0.2,7970.42,1096.63
1448,2023-04-12,South,Groceries,Tea Pack,Sanjay Malhotra,9,0.1,8833.78,1793.73
1449,2023-04-13,North,Clothing,Cap,Karan Mehta,3,0.2,6671.59,705.79
1450,2023-04-13,South,Furniture,Office Chair,Sneha Gupta,1,0.15,96.47,16.6
1451,2023-04-13,South,Clothing,Jacket,Kavita Das,8,0.2,4184.73,1191.04
1452,2023-04-13,North,Furniture,Sofa,Pooja Iyer,10,0.15,3756.68,1029.69
1453,2023-04-14,East,Furniture,Sofa,Divya Menon,2,0.1,282.83,31.09
1454,2023-04-14,South,Furniture,Wooden Table,Arjun Reddy,4,0.1,1927.49,390.62
1455,2023-04-14,North,Groceries,Cooking Oil,Arjun Reddy,3,0.2,5584.58,808.39
1456,2023-04-14,East,Clothing,Shoes,Manoj Pillai,7,0.1,7467.12,1072.59
1457,2023-04-14,East,Stationery,File Folder,Karan Mehta,10,0.0,1791.1,537.13
1458,2023-04-15,East,Clothing,T-Shirt,Pooja Iyer,2,0.1,4114.44,938.58
1459,2023-04-15,East,Clothing,Jacket,Sneha Gupta,3,0.2,4373.81,1224.39
1460,2023-04-15,West,Clothing,Jeans,Divya Menon,1,0.15,1772.45,269.21
1461,2023-04-15,West,Groceries,Tea Pack,Divya Menon,1,0.2,1120.64,240.27
1462,2023-04-15,South,Clothing,Jeans,Arjun Reddy,9,0.15,10019.2,2348.24
1463,2023-04-16,South,Stationery,Pen Set,Vikram Rao,2,0.15,380.38,57.72
1464,2023-04-16,South,Clothing,T-Shirt,Sneha Gupta,6,0.05,6274.55,1012.82
1465,2023-04-16,East,Clothing,Jacket,Neha Joshi,5,0.15,8502.86,1650.47
1466,2023-04-16,North,Groceries,Cooking Oil,Rohit Kapoor,2,0.15,2780.15,507.72
1467,2023-04-16,South,Furniture,Wooden Table,Anjali Nair,7,0.2,3946.75,1173.49
1468,2023-04-17,East,Furniture,Office Chair,Pooja Iyer,6,0.05,2744.05,306.24
1469,2023-04-17,West,Clothing,Jeans,Sanjay Malhotra,3,0.2,3952.79,782.32
1470,2023-04-17,North,Furniture,Bed Frame,Karan Mehta,7,0.15,4920.03,961.77
1471,2023-04-17,North,Electronics,Tablet,Sneha Gupta,6,0.0,23035.09,5790.32
1472,2023-04-18,North,Electronics,Laptop,Sneha Gupta,6,0.1,4960.98,876.66
1473,2023-04-18,East,Furniture,Office Chair,Kavita Das,1,0.1,1081.4,206.75
1474,2023-04-18,East,Groceries,Cooking Oil,Anjali Nair,8,0.1,11719.57,1558.43
1475,2023-04-18,West,Electronics,Laptop,Sneha Gupta,3,0.05,6178.53,1346.54
1476,2023-04-19,North,Clothing,T-Shirt,Karan Mehta,5,0.2,8243.08,1803.46
1477,2023-04-19,North,Electronics,Smartphone,Rahul Sharma,5,0.15,9034.45,1892.32
1478,2023-04-19,West,Furniture,Wooden Table,Divya Menon,1,0.1,491.23,59.04
1479,2023-04-19,East,Stationery,File Folder,Divya Menon,3,0.15,3631.06,439.3
1480,2023-04-20,East,Electronics,Smartphone,Pooja Iyer,4,0.2,2820.13,430.35
1481,2023-04-20,South,Clothing,Shoes,Vikram Rao,3,0.0,2545.36,717.97
1482,2023-04-20,West,Clothing,Jeans,Rahul Sharma,8,0.0,15318.73,3581.59
1483,2023-04-21,North,Stationery,Notebook,Divya Menon,2,0.1,2775.64,531.12
1484,2023-04-21,East,Clothing,Shoes,Rahul Sharma,7,0.05,13621.45,2343.47
1485,2023-04-21,East,Groceries,Rice Pack,Priya Verma,9,0.0,16382.5,3758.8
1486,2023-04-21,East,Clothing,Shoes,Neha Joshi,5,0.0,5028.41,847.51
1487,2023-04-22,West,Groceries,Tea Pack,Vikram Rao,7,0.15,9269.07,2129.75
1488,2023-04-22,South,Electronics,Laptop,Divya Menon,1,0.05,358.17,101.09
1489,2023-04-22,West,Stationery,Marker Pack,Amit Singh,10,0.15,10352.12,2300.98
1490,2023-04-23,West,Groceries,Rice Pack,Manoj Pillai,7,0.15,1598.25,243.45
1491,2023-04-23,East,Electronics,Tablet,Sanjay Malhotra,10,0.2,7599.98,2212.75
1492,2023-04-23,East,Stationery,File Folder,Divya Menon,10,0.0,8224.66,2017.76
1493,2023-04-23,West,Clothing,Shoes,Amit Singh,9,0.2,2243.8,513.11
1494,2023-04-24,West,Groceries,Cooking Oil,Priya Verma,13,0.1,7042.52,775.17
1495,2023-04-24,South,Stationery,Marker Pack,Karan Mehta,4,0.0,2134.85,555.6
1496,2023-04-24,West,Electronics,Smart Watch,Pooja Iyer,6,0.0,16802.52,4184.63
1497,2023-04-24,North,Electronics,Smart Watch,Karan Mehta,1,0.2,2021.43,536.05
1498,2023-04-25,South,Groceries,Snacks Box,Anjali Nair,1,0.05,1061.96,176.7
1499,2023-04-25,West,Clothing,Shoes,Priya Verma,7,0.05,1417.33,376.98
1500,2023-04-25,East,Stationery,File Folder,Anjali Nair,2,0.0,3048.16,605.01
1501,2023-04-25,West,Electronics,Headphones,Neha Joshi,4,0.05,2259.91,611.17
1502,2023-04-25,South,Groceries,Cooking Oil,Divya Menon,6,0.0,6095.19,666.2
1503,2023-04-26,West,Groceries,Spices Set,Rohit Kapoor,3,0.15,503.41,124.46
1504,2023-04-26,West,Stationery,Marker Pack,Manoj Pillai,9,0.05,9391.38,1265.3
1505,2023-04-26,South,Electronics,Smart Watch,Arjun Reddy,10,0.2,13953.05,2802.08
1506,2023-04-27,West,Stationery,Pen Set,Vikram Rao,7,0.1,9321.69,1776.43
1507,2023-04-27,South,Furniture,Bookshelf,Neha Joshi,9,0.1,5425.69,1137.01
1508,2023-04-27,East,Stationery,Pen Set,Sneha Gupta,4,0.2,3994.08,947.88
1509,2023-04-27,South,Furniture,Bed Frame,Rohit Kapoor,6,0.0,3672.38,780.22
1510,2023-04-27,West,Stationery,Geometry Box,Manoj Pillai,7,0.0,6069.66,637.64
1511,2023-04-27,South,Electronics,Smartphone,Sneha Gupta,5,0.05,9125.22,2159.74
1512,2023-04-28,North,Clothing,Jeans,Sanjay Malhotra,9,0.0,11866.91,2260.87
1513,2023-04-28,South,Stationery,Marker Pack,Sneha Gupta,9,0.1,6095.96,666.87
1514,2023-04-28,West,Groceries,Tea Pack,Sanjay Malhotra,6,0.2,1353.61,336.69
1515,2023-04-28,South,Stationery,Marker Pack,Kavita Das,4,0.1,2918.81,610.97
1516,2023-04-29,South,Clothing,Shoes,Amit Singh,2,0.05,2625.24,648.48
1517,2023-04-29,North,Groceries,Rice Pack,Karan Mehta,5,0.2,3830.83,506.38
1518,2023-04-29,East,Electronics,Headphones,Pooja Iyer,3,0.0,2252.25,370.55
1519,2023-04-29,North,Stationery,Geometry Box,Pooja Iyer,10,0.2,7661.79,1967.6
1520,2023-04-30,South,Furniture,Bed Frame,Priya Verma,16,0.05,5623.75,1016.12
1521,2023-04-30,East,Furniture,Wooden Table,Arjun Reddy,6,0.1,2889.78,415.23
1522,2023-04-30,West,Stationery,Notebook,Priya Verma,14,0.15,5721.47,1274.4
1523,2023-04-30,South,Electronics,Headphones,Karan Mehta,2,0.15,1097.04,268.55
1524,2023-04-30,North,Stationery,Geometry Box,Rohit Kapoor,9,0.15,9336.56,1487.19
1525,2023-05-01,East,Stationery,Notebook,Priya Verma,11,0.2,8573.02,969.56
1526,2023-05-01,South,Groceries,Rice Pack,Sneha Gupta,9,0.15,6781.55,1952.75
1527,2023-05-01,South,Electronics,Smart Watch,Divya Menon,6,0.0,2091.6,231.86
1528,2023-05-01,East,Stationery,Notebook,Neha Joshi,4,0.1,2823.63,537.13
1529,2023-05-02,West,Clothing,T-Shirt,Karan Mehta,2,0.2,352.15,85.94
1530,2023-05-02,North,Stationery,Notebook,Divya Menon,2,0.1,3863.49,468.36
1531,2023-05-02,East,Stationery,Notebook,Vikram Rao,8,0.15,5204.8,1208.27
1532,2023-05-02,West,Furniture,Bed Frame,Sneha Gupta,3,0.15,2375.29,641.08
1533,2023-05-02,East,Furniture,Sofa,Arjun Reddy,6,0.0,4522.18,954.24
1534,2023-05-02,North,Electronics,Smartphone,Neha Joshi,10,0.15,21340.11,6175.74
1535,2023-05-03,South,Clothing,Jeans,Karan Mehta,9,0.05,2993.77,431.57
1536,2023-05-03,East,Furniture,Office Chair,Amit Singh,10,0.0,10914.74,3126.79
1537,2023-05-03,West,Stationery,Notebook,Vikram Rao,2,0.1,515.41,126.34
1538,2023-05-03,West,Clothing,Jacket,Amit Singh,4,0.0,2981.37,339.76
1539,2023-05-03,South,Clothing,Shoes,Pooja Iyer,6,0.2,4760.05,1136.18
1540,2023-05-04,East,Clothing,Shoes,Amit Singh,1,0.1,668.52,96.47
1541,2023-05-04,West,Clothing,Jacket,Amit Singh,6,0.15,5506.05,945.65
1542,2023-05-04,East,Groceries,Spices Set,Priya Verma,8,0.2,2335.55,634.67
1543,2023-05-04,South,Stationery,Pen Set,Vikram Rao,2,0.0,1878.02,506.91
1544,2023-05-05,West,Stationery,Pen Set,Manoj Pillai,1,0.2,406.82,113.42
1545,2023-05-05,West,Furniture,Sofa,Karan Mehta,4,0.2,2772.13,438.55
1546,2023-05-05,West,Stationery,File Folder,Priya Verma,15,0.1,11326.03,1673.72
1547,2023-05-06,South,Groceries,Cooking Oil,Amit Singh,10,0.2,7212.11,2117.09
1548,2023-05-06,West,Clothing,T-Shirt,Sneha Gupta,8,0.05,2487.04,432.46
1549,2023-05-06,North,Furniture,Bed Frame,Manoj Pillai,6,0.15,4588.52,876.08
1550,2023-05-06,North,Electronics,Headphones,Priya Verma,14,0.1,46161.56,9958.26
1551,2023-05-07,West,Groceries,Snacks Box,Neha Joshi,2,0.2,992.34,292.28
1552,2023-05-07,South,Stationery,Marker Pack,Anjali Nair,6,0.15,4314.23,1196.92
1553,2023-05-07,North,Stationery,Pen Set,Pooja Iyer,3,0.05,1107.87,253.36
1554,2023-05-07,South,Furniture,Wooden Table,Amit Singh,6,0.2,2791.42,345.2
1555,2023-05-08,West,Clothing,T-Shirt,Pooja Iyer,8,0.15,4116.27,544.37
1556,2023-05-08,West,Electronics,Laptop,Rahul Sharma,7,0.2,10104.48,2282.68
1557,2023-05-08,North,Stationery,Pen Set,Rahul Sharma,10,0.1,19213.33,5603.52
1558,2023-05-08,North,Clothing,T-Shirt,Sneha Gupta,8,0.2,20064.69,5486.9
1559,2023-05-09,South,Groceries,Spices Set,Amit Singh,10,0.05,8162.0,1650.04
1560,2023-05-09,South,Clothing,Shoes,Neha Joshi,10,0.0,4387.7,777.03
1561,2023-05-09,North,Electronics,Laptop,Rohit Kapoor,9,0.15,27779.04,6142.01
1562,2023-05-09,South,Groceries,Spices Set,Neha Joshi,1,0.2,575.12,71.03
1563,2023-05-10,South,Stationery,File Folder,Kavita Das,1,0.15,503.74,87.69
1564,2023-05-10,North,Stationery,Marker Pack,Sneha Gupta,8,0.15,6483.76,1691.77
1565,2023-05-10,North,Groceries,Cooking Oil,Vikram Rao,8,0.05,20038.17,2339.73
1566,2023-05-10,West,Clothing,Jeans,Rahul Sharma,8,0.2,7628.15,773.79
1567,2023-05-10,South,Clothing,Shoes,Anjali Nair,2,0.05,1313.57,285.14
1568,2023-05-10,East,Stationery,Marker Pack,Neha Joshi,6,0.2,2806.31,662.63
1569,2023-05-11,West,Stationery,File Folder,Pooja Iyer,3,0.1,2475.47,487.05
1570,2023-05-11,East,Stationery,Geometry Box,Sanjay Malhotra,7,0.05,9714.04,2252.26
1571,2023-05-11,South,Groceries,Cooking Oil,Priya Verma,9,0.2,4310.33,1121.42
1572,2023-05-11,North,Furniture,Bookshelf,Arjun Reddy,1,0.0,1447.45,281.29
1573,2023-05-12,North,Electronics,Headphones,Sneha Gupta,6,0.0,16733.8,4098.09
1574,2023-05-12,West,Stationery,File Folder,Vikram Rao,10,0.0,14457.39,3817.41
1575,2023-05-12,West,Groceries,Rice Pack,Sneha Gupta,9,0.1,4236.43,1087.88
1576,2023-05-12,South,Stationery,Pen Set,Arjun Reddy,1,0.1,295.15,29.53
1577,2023-05-12,South,Electronics,Headphones,Sanjay Malhotra,7,0.1,8632.62,1563.28
1578,2023-05-12,South,Stationery,Notebook,Divya Menon,2,0.0,1236.84,303.31
1579,2023-05-13,East,Clothing,Jeans,Neha Joshi,4,0.15,7357.18,1581.66
1580,2023-05-13,East,Furniture,Bookshelf,Rohit Kapoor,2,0.2,332.94,52.89
1581,2023-05-13,North,Stationery,Geometry Box,Manoj Pillai,9,0.2,5372.4,1012.99
1582,2023-05-13,West,Stationery,Marker Pack,Sanjay Malhotra,4,0.1,5281.11,1012.76
1583,2023-05-13,West,Stationery,Notebook,Pooja Iyer,2,0.1,439.95,99.75
1584,2023-05-14,South,Clothing,Shoes,Anjali Nair,9,0.2,1119.7,298.33
1585,2023-05-14,South,Clothing,T-Shirt,Karan Mehta,6,0.0,5140.25,697.52
1586,2023-05-14,East,Clothing,Jeans,Manoj Pillai,10,0.1,5499.08,1370.54
1587,2023-05-14,South,Groceries,Cooking Oil,Sneha Gupta,4,0.1,1338.95,188.19
1588,2023-05-15,East,Furniture,Office Chair,Priya Verma,9,0.15,6288.91,1833.84
1589,2023-05-15,West,Clothing,Cap,Anjali Nair,8,0.2,11796.19,2337.55
1590,2023-05-15,East,Groceries,Cooking Oil,Sanjay Malhotra,10,0.05,2967.23,771.05
1591,2023-05-15,West,Stationery,Notebook,Rohit Kapoor,6,0.15,6778.04,1729.63
1592,2023-05-16,North,Stationery,Marker Pack,Anjali Nair,1,0.0,1621.86,285.26
1593,2023-05-16,North,Clothing,Jacket,Neha Joshi,5,0.05,8899.21,1311.99
1594,2023-05-16,West,Stationery,Geometry Box,Anjali Nair,3,0.15,1866.48,343.09
1595,2023-05-16,East,Clothing,Shoes,Vikram Rao,8,0.05,10784.1,3190.52
1596,2023-05-16,South,Electronics,Headphones,Sanjay Malhotra,4,0.2,3051.34,537.57
1597,2023-05-16,South,Furniture,Bookshelf,Sanjay Malhotra,1,0.05,355.21,45.07
1598,2023-05-17,West,Clothing,Jacket,Rohit Kapoor,10,0.0,9583.94,2282.02
1599,2023-05-17,North,Furniture,Sofa,Pooja Iyer,2,0.15,2253.51,342.43
1600,2023-05-17,East,Stationery,File Folder,Manoj Pillai,5,0.1,890.96,110.7
1601,2023-05-17,South,Stationery,File Folder,Arjun Reddy,9,0.05,8726.93,1369.45
1602,2023-05-17,East,Stationery,Marker Pack,Sanjay Malhotra,8,0.0,5953.43,936.5
1603,2023-05-18,South,Clothing,Shoes,Arjun Reddy,10,0.2,5311.54,1494.74
1604,2023-05-18,North,Furniture,Sofa,Sneha Gupta,6,0.1,6392.11,1547.44
1605,2023-05-18,West,Clothing,Shoes,Sanjay Malhotra,6,0.2,5706.62,1084.59
1606,2023-05-18,South,Furniture,Office Chair,Amit Singh,4,0.1,2657.47,638.16
1607,2023-05-19,South,Furniture,Bookshelf,Priya Verma,8,0.0,5885.03,1234.01
1608,2023-05-19,North,Groceries,Spices Set,Sanjay Malhotra,2,0.0,1928.99,252.8
1609,2023-05-19,West,Clothing,Jeans,Sneha Gupta,5,0.15,5896.49,744.46
1610,2023-05-20,North,Electronics,Headphones,Kavita Das,6,0.15,11422.29,3131.76
1611,2023-05-20,East,Stationery,Marker Pack,Amit Singh,9,0.05,9074.43,1736.02
1612,2023-05-20,West,Stationery,File Folder,Vikram Rao,6,0.15,4540.36,1184.77
1613,2023-05-20,West,Clothing,Jacket,Karan Mehta,5,0.05,3705.1,370.58
1614,2023-05-21,East,Clothing,Shoes,Rohit Kapoor,1,0.15,1869.77,365.38
1615,2023-05-21,North,Groceries,Snacks Box,Neha Joshi,4,0.0,6809.16,937.72
1616,2023-05-21,West,Groceries,Cooking Oil,Amit Singh,7,0.15,3374.92,390.96
1617,2023-05-21,South,Stationery,File Folder,Sanjay Malhotra,5,0.1,3199.3,660.3
1618,2023-05-22,West,Furniture,Office Chair,Amit Singh,3,0.1,613.51,117.22
1619,2023-05-22,West,Clothing,Cap,Pooja Iyer,4,0.1,883.74,97.15
1620,2023-05-22,North,Furniture,Office Chair,Vikram Rao,5,0.05,6080.25,1492.22
1621,2023-05-22,South,Electronics,Laptop,Rahul Sharma,13,0.05,9818.95,2524.89
1622,2023-05-22,West,Clothing,Shoes,Divya Menon,1,0.1,323.91,81.01
1623,2023-05-23,North,Clothing,Shoes,Priya Verma,14,0.15,9892.81,2606.26
1624,2023-05-23,North,Electronics,Laptop,Karan Mehta,8,0.05,24980.99,2665.52
1625,2023-05-23,West,Electronics,Tablet,Arjun Reddy,4,0.15,4362.54,1274.92
1626,2023-05-23,East,Furniture,Office Chair,Divya Menon,9,0.2,1904.46,373.74
1627,2023-05-24,South,Clothing,T-Shirt,Kavita Das,4,0.0,1786.75,333.82
1628,2023-05-24,North,Furniture,Sofa,Neha Joshi,2,0.15,2370.83,241.32
1629,2023-05-24,North,Stationery,Marker Pack,Divya Menon,10,0.05,9467.93,1116.23
1630,2023-05-24,South,Groceries,Rice Pack,Arjun Reddy,10,0.1,10971.84,3284.91
1631,2023-05-24,North,Electronics,Headphones,Arjun Reddy,3,0.2,8389.23,1050.04
1632,2023-05-25,East,Stationery,Geometry Box,Sanjay Malhotra,8,0.05,1522.17,267.22
1633,2023-05-25,South,Clothing,T-Shirt,Pooja Iyer,8,0.2,3342.71,800.27
1634,2023-05-25,South,Stationery,Pen Set,Rohit Kapoor,6,0.1,4263.45,661.11
1635,2023-05-25,South,Electronics,Tablet,Amit Singh,8,0.1,11758.17,2449.48
1636,2023-05-26,North,Stationery,Marker Pack,Divya Menon,3,0.0,4528.69,782.63
1637,2023-05-26,South,Clothing,T-Shirt,Arjun Reddy,9,0.15,2963.32,701.25
1638,2023-05-26,South,Stationery,Geometry Box,Anjali Nair,7,0.1,1306.58,267.38
1639,2023-05-26,North,Electronics,Laptop,Amit Singh,1,0.05,802.67,111.03
1640,2023-05-26,North,Stationery,Marker Pack,Arjun Reddy,8,0.2,9717.19,2118.93
1641,2023-05-26,North,Clothing,Jeans,Neha Joshi,2,0.0,5914.84,838.41
1642,2023-05-27,North,Groceries,Rice Pack,Anjali Nair,9,0.15,18430.72,4770.79
1643,2023-05-27,North,Stationery,Geometry Box,Rohit Kapoor,1,0.0,1953.07,225.75
1644,2023-05-27,South,Stationery,Notebook,Priya Verma,8,0.2,2973.89,610.36
1645,2023-05-27,South,Stationery,Pen Set,Rohit Kapoor,9,0.15,6138.03,1554.5
1646,2023-05-27,East,Groceries,Tea Pack,Manoj Pillai,2,0.05,3244.73,681.37
1647,2023-05-27,East,Furniture,Bed Frame,Neha Joshi,8,0.1,8275.81,1738.05
1648,2023-05-28,East,Groceries,Tea Pack,Kavita Das,6,0.2,3191.84,667.49
1649,2023-05-28,West,Stationery,Geometry Box,Anjali Nair,8,0.15,9962.27,996.62
1650,2023-05-28,North,Clothing,Cap,Rahul Sharma,14,0.05,41720.97,4226.91
1651,2023-05-28,South,Furniture,Sofa,Rahul Sharma,12,0.2,4194.36,1196.17
1652,2023-05-28,South,Electronics,Smartphone,Pooja Iyer,6,0.05,2496.07,432.86
1653,2023-05-29,South,Clothing,Jacket,Priya Verma,14,0.15,10417.1,2571.49
1654,2023-05-29,East,Groceries,Cooking Oil,Pooja Iyer,10,0.0,13349.87,2137.03
1655,2023-05-29,West,Electronics,Smartphone,Manoj Pillai,6,0.1,13725.01,2564.67
1656,2023-05-29,North,Furniture,Bed Frame,Manoj Pillai,1,0.15,217.58,44.58
1657,2023-05-30,South,Clothing,Cap,Divya Menon,4,0.05,790.47,194.71
1658,2023-05-30,West,Groceries,Spices Set,Neha Joshi,9,0.0,5127.9,809.99
1659,2023-05-30,West,Furniture,Wooden Table,Anjali Nair,2,0.15,1190.51,130.79
1660,2023-05-30,West,Clothing,T-Shirt,Karan Mehta,9,0.15,12733.92,1605.43
1661,2023-05-30,South,Groceries,Spices Set,Sneha Gupta,8,0.15,6073.29,845.52
1662,2023-05-31,South,Electronics,Headphones,Sanjay Malhotra,7,0.1,8799.31,1893.64
1663,2023-05-31,North,Groceries,Tea Pack,Anjali Nair,6,0.05,6355.39,1390.4
1664,2023-05-31,North,Clothing,Jeans,Anjali Nair,10,0.15,17726.23,3334.17
1665,2023-05-31,South,Furniture,Sofa,Amit Singh,2,0.0,1194.37,177.49
1666,2023-06-01,East,Electronics,Headphones,Divya Menon,2,0.1,2863.66,299.39
1667,2023-06-01,South,Stationery,Pen Set,Sneha Gupta,9,0.2,5805.59,1217.78
1668,2023-06-01,South,Electronics,Smart Watch,Neha Joshi,9,0.0,5789.93,648.6
1669,2023-06-01,South,Stationery,Geometry Box,Rahul Sharma,16,0.0,2661.37,410.55
1670,2023-06-02,North,Electronics,Headphones,Kavita Das,7,0.05,28425.9,5733.73
1671,2023-06-02,North,Clothing,Shoes,Kavita Das,10,0.2,4577.6,639.83
1672,2023-06-02,West,Stationery,Notebook,Rahul Sharma,10,0.2,4553.13,813.55
1673,2023-06-02,South,Electronics,Headphones,Arjun Reddy,6,0.1,6978.31,1027.49
1674,2023-06-02,East,Electronics,Headphones,Manoj Pillai,7,0.0,20941.39,6069.3
1675,2023-06-03,South,Clothing,Shoes,Arjun Reddy,3,0.0,3247.1,662.87
1676,2023-06-03,South,Groceries,Cooking Oil,Neha Joshi,3,0.15,3227.1,909.87
1677,2023-06-03,East,Groceries,Spices Set,Amit Singh,4,0.05,4970.96,1177.17
1678,2023-06-03,South,Furniture,Sofa,Divya Menon,9,0.05,3248.19,915.34
1679,2023-06-04,South,Clothing,T-Shirt,Rohit Kapoor,9,0.0,3419.84,916.19
1680,2023-06-04,South,Electronics,Headphones,Manoj Pillai,7,0.15,4327.89,1078.17
1681,2023-06-04,East,Furniture,Wooden Table,Priya Verma,10,0.05,1479.23,330.44
1682,2023-06-04,South,Stationery,Pen Set,Sneha Gupta,1,0.1,160.55,41.1
1683,2023-06-05,West,Clothing,Jeans,Kavita Das,7,0.15,6546.82,869.14
1684,2023-06-05,South,Electronics,Smart Watch,Sanjay Malhotra,1,0.1,1676.34,242.25
1685,2023-06-05,South,Furniture,Office Chair,Amit Singh,8,0.2,2700.42,445.51
1686,2023-06-05,West,Furniture,Bookshelf,Karan Mehta,1,0.2,694.76,122.33
1687,2023-06-06,West,Stationery,File Folder,Neha Joshi,9,0.2,7411.87,1784.95
1688,2023-06-06,North,Stationery,Notebook,Pooja Iyer,8,0.0,16532.68,2465.76
1689,2023-06-06,West,Electronics,Tablet,Karan Mehta,9,0.0,6947.7,1305.55
1690,2023-06-06,East,Clothing,Shoes,Amit Singh,7,0.1,9485.95,1052.08
1691,2023-06-06,South,Groceries,Tea Pack,Priya Verma,16,0.0,5445.32,1565.9
1692,2023-06-07,West,Groceries,Snacks Box,Pooja Iyer,1,0.05,917.5,256.28
1693,2023-06-07,South,Groceries,Rice Pack,Vikram Rao,6,0.05,5531.84,689.87
1694,2023-06-07,North,Groceries,Snacks Box,Priya Verma,16,0.15,29770.76,6621.45
1695,2023-06-07,South,Groceries,Spices Set,Karan Mehta,1,0.05,1137.47,242.39
1696,2023-06-08,South,Furniture,Wooden Table,Sanjay Malhotra,1,0.15,250.12,61.54
1697,2023-06-08,West,Clothing,Jeans,Priya Verma,8,0.05,1638.9,167.89
1698,2023-06-08,West,Groceries,Spices Set,Sanjay Malhotra,1,0.2,1359.54,200.64
1699,2023-06-08,West,Groceries,Tea Pack,Pooja Iyer,2,0.2,1945.88,289.82
1700,2023-06-09,South,Electronics,Laptop,Amit Singh,1,0.1,233.5,63.22
1701,2023-06-09,East,Clothing,T-Shirt,Rahul Sharma,6,0.15,11714.57,2746.11
1702,2023-06-09,South,Groceries,Spices Set,Anjali Nair,1,0.0,1029.16,169.36
1703,2023-06-09,West,Electronics,Smart Watch,Kavita Das,9,0.0,9325.04,1183.43
1704,2023-06-09,East,Clothing,Cap,Karan Mehta,9,0.05,14343.73,3190.2
1705,2023-06-10,North,Groceries,Spices Set,Manoj Pillai,5,0.15,7992.99,1305.24
1706,2023-06-10,East,Furniture,Bed Frame,Neha Joshi,8,0.2,6098.53,1216.95
1707,2023-06-10,South,Stationery,Pen Set,Divya Menon,5,0.05,501.03,52.51
1708,2023-06-11,South,Stationery,Marker Pack,Karan Mehta,1,0.1,388.15,101.39
1709,2023-06-11,South,Electronics,Laptop,Divya Menon,5,0.1,7118.07,1149.96
1710,2023-06-11,East,Electronics,Smartphone,Arjun Reddy,6,0.1,7764.12,1659.85
1711,2023-06-12,South,Furniture,Sofa,Kavita Das,6,0.15,3677.85,954.22
1712,2023-06-12,South,Groceries,Cooking Oil,Arjun Reddy,8,0.2,7540.71,1451.54
1713,2023-06-12,West,Electronics,Tablet,Vikram Rao,10,0.1,15381.27,1595.71
1714,2023-06-13,East,Electronics,Laptop,Vikram Rao,1,0.1,2793.2,629.31
1715,2023-06-13,South,Stationery,File Folder,Karan Mehta,3,0.2,512.08,131.33
1716,2023-06-13,East,Clothing,T-Shirt,Vikram Rao,7,0.0,8850.63,1305.72
1717,2023-06-13,West,Clothing,Jeans,Rohit Kapoor,5,0.05,1995.51,512.82
1718,2023-06-13,South,Electronics,Smart Watch,Rohit Kapoor,1,0.15,1515.72,198.28
1719,2023-06-14,West,Stationery,Geometry Box,Sanjay Malhotra,6,0.05,6866.51,821.58
1720,2023-06-14,South,Furniture,Office Chair,Pooja Iyer,7,0.2,892.17,144.71
1721,2023-06-14,North,Stationery,Notebook,Anjali Nair,8,0.0,3581.31,906.92
1722,2023-06-14,East,Electronics,Tablet,Sanjay Malhotra,5,0.05,5817.31,805.75
1723,2023-06-14,East,Stationery,Geometry Box,Sanjay Malhotra,8,0.0,4642.03,610.42
1724,2023-06-15,North,Stationery,File Folder,Rohit Kapoor,2,0.05,2595.36,544.7
1725,2023-06-15,East,Furniture,Sofa,Neha Joshi,4,0.05,785.8,174.96
1726,2023-06-15,East,Stationery,Marker Pack,Rahul Sharma,11,0.0,9677.27,1065.38
1727,2023-06-16,North,Electronics,Smart Watch,Karan Mehta,3,0.2,9426.55,2129.4
1728,2023-06-16,West,Stationery,Geometry Box,Vikram Rao,6,0.05,6425.3,1504.64
1729,2023-06-16,North,Groceries,Spices Set,Amit Singh,2,0.15,925.35,149.98
1730,2023-06-16,West,Groceries,Cooking Oil,Sneha Gupta,3,0.2,1515.05,261.63
1731,2023-06-16,South,Clothing,Jacket,Pooja Iyer,8,0.0,1817.0,222.72
1732,2023-06-16,West,Groceries,Cooking Oil,Vikram Rao,6,0.2,5628.96,1134.74
1733,2023-06-17,North,Clothing,Cap,Arjun Reddy,2,0.1,3330.19,599.98
1734,2023-06-17,West,Furniture,Bed Frame,Sneha Gupta,9,0.05,9517.97,1682.43
1735,2023-06-17,East,Furniture,Bed Frame,Karan Mehta,7,0.2,5705.44,1191.9
1736,2023-06-17,South,Furniture,Office Chair,Divya Menon,10,0.15,1345.16,294.88
1737,2023-06-17,East,Stationery,Notebook,Kavita Das,8,0.05,4816.5,872.55
1738,2023-06-17,North,Stationery,Marker Pack,Anjali Nair,8,0.0,3371.17,887.99
1739,2023-06-18,South,Furniture,Bookshelf,Rohit Kapoor,5,0.15,2168.06,410.7
1740,2023-06-18,South,Clothing,Jacket,Neha Joshi,5,0.15,4533.89,1283.2
1741,2023-06-18,North,Stationery,Notebook,Neha Joshi,9,0.15,15327.47,4146.1
1742,2023-06-19,East,Stationery,Notebook,Rahul Sharma,14,0.1,4206.68,1149.0
1743,2023-06-19,South,Groceries,Spices Set,Karan Mehta,6,0.15,3085.8,577.16
1744,2023-06-19,South,Furniture,Bookshelf,Amit Singh,4,0.2,1113.55,317.25
1745,2023-06-20,South,Clothing,Jeans,Amit Singh,1,0.0,977.48,125.9
1746,2023-06-20,West,Groceries,Cooking Oil,Priya Verma,11,0.15,15529.05,3430.15
1747,2023-06-20,West,Stationery,Pen Set,Pooja Iyer,9,0.15,6940.11,1318.68
1748,2023-06-20,East,Furniture,Wooden Table,Karan Mehta,10,0.0,7813.82,2104.74
1749,2023-06-20,South,Stationery,Geometry Box,Karan Mehta,9,0.2,3221.88,952.54
1750,2023-06-20,West,Clothing,T-Shirt,Neha Joshi,8,0.0,3810.13,938.28
1751,2023-06-21,West,Stationery,Notebook,Rohit Kapoor,10,0.0,4874.76,1102.34
1752,2023-06-21,North,Stationery,File Folder,Vikram Rao,10,0.0,21205.13,4389.6
1753,2023-06-21,North,Groceries,Tea Pack,Rohit Kapoor,8,0.2,14125.81,2602.02
1754,2023-06-21,East,Clothing,Jeans,Rahul Sharma,17,0.1,26658.33,4054.43
1755,2023-06-21,West,Stationery,Pen Set,Neha Joshi,1,0.1,1132.71,254.71
1756,2023-06-22,West,Electronics,Laptop,Rohit Kapoor,2,0.1,1676.72,374.18
1757,2023-06-22,East,Clothing,T-Shirt,Divya Menon,2,0.2,950.44,207.53
1758,2023-06-22,South,Groceries,Snacks Box,Sanjay Malhotra,3,0.1,2823.01,415.66
1759,2023-06-22,South,Stationery,Notebook,Anjali Nair,2,0.05,1256.72,332.21
1760,2023-06-22,West,Groceries,Tea Pack,Sneha Gupta,8,0.05,4184.29,1032.98
1761,2023-06-23,North,Clothing,T-Shirt,Rahul Sharma,8,0.15,9962.4,1945.19
1762,2023-06-23,South,Groceries,Tea Pack,Pooja Iyer,5,0.05,3565.43,666.55
1763,2023-06-23,East,Groceries,Tea Pack,Arjun Reddy,6,0.2,7203.05,779.4
1764,2023-06-23,East,Groceries,Spices Set,Manoj Pillai,5,0.1,3244.12,844.97
1765,2023-06-23,East,Stationery,Marker Pack,Pooja Iyer,4,0.2,4265.57,870.14
1766,2023-06-24,East,Stationery,Notebook,Arjun Reddy,1,0.0,186.09,22.25
1767,2023-06-24,North,Groceries,Snacks Box,Sneha Gupta,5,0.1,3575.8,374.53
1768,2023-06-24,North,Electronics,Tablet,Arjun Reddy,4,0.2,9393.99,2269.73
1769,2023-06-24,North,Electronics,Tablet,Amit Singh,7,0.2,20062.64,2747.65
1770,2023-06-25,South,Clothing,Jacket,Pooja Iyer,2,0.15,2261.87,351.22
1771,2023-06-25,West,Clothing,Jacket,Amit Singh,2,0.1,3007.33,530.97
1772,2023-06-25,East,Electronics,Headphones,Kavita Das,5,0.05,7429.14,1473.53
1773,2023-06-26,West,Furniture,Bookshelf,Priya Verma,7,0.2,5055.08,1126.24
1774,2023-06-26,North,Groceries,Snacks Box,Priya Verma,9,0.0,4267.66,640.66
1775,2023-06-26,West,Electronics,Smart Watch,Amit Singh,1,0.0,1989.71,305.0
1776,2023-06-26,East,Groceries,Spices Set,Rahul Sharma,15,0.15,14199.46,3816.95
1777,2023-06-27,South,Electronics,Smart Watch,Divya Menon,8,0.0,9524.1,2733.5
1778,2023-06-27,East,Clothing,Jacket,Karan Mehta,1,0.0,990.57,268.12
1779,2023-06-27,East,Electronics,Smart Watch,Sanjay Malhotra,5,0.05,3874.64,417.94
1780,2023-06-28,South,Clothing,Shoes,Manoj Pillai,2,0.1,1384.43,383.55
1781,2023-06-28,West,Furniture,Wooden Table,Rahul Sharma,11,0.0,9376.97,1384.95
1782,2023-06-28,West,Electronics,Tablet,Arjun Reddy,5,0.15,7031.86,1876.45
1783,2023-06-28,West,Electronics,Smartphone,Anjali Nair,1,0.1,2075.09,225.28
1784,2023-06-28,North,Furniture,Bed Frame,Pooja Iyer,9,0.05,11419.7,1674.1
1785,2023-06-28,North,Electronics,Laptop,Pooja Iyer,1,0.15,3391.54,758.6
1786,2023-06-29,South,Electronics,Laptop,Arjun Reddy,1,0.1,1471.86,175.83
1787,2023-06-29,South,Stationery,Notebook,Kavita Das,2,0.0,1138.65,295.86
1788,2023-06-29,South,Electronics,Laptop,Karan Mehta,6,0.15,3896.56,1150.15
1789,2023-06-29,South,Clothing,Jeans,Sanjay Malhotra,1,0.2,292.98,33.0
1790,2023-06-30,South,Groceries,Cooking Oil,Divya Menon,6,0.2,1550.67,230.63
1791,2023-06-30,North,Furniture,Office Chair,Sanjay Malhotra,10,0.15,11840.65,1221.08
1792,2023-06-30,West,Electronics,Smartphone,Rahul Sharma,10,0.0,20977.91,5818.92
1793,2023-06-30,West,Groceries,Cooking Oil,Sneha Gupta,3,0.1,2928.09,534.1
1794,2023-06-30,South,Stationery,Notebook,Neha Joshi,3,0.15,1726.04,202.99
1795,2023-07-01,East,Groceries,Rice Pack,Rohit Kapoor,4,0.05,1641.94,338.3
1796,2023-07-01,North,Stationery,Geometry Box,Kavita Das,9,0.2,5029.0,1277.7
1797,2023-07-01,South,Clothing,T-Shirt,Sneha Gupta,2,0.05,1947.33,571.96
1798,2023-07-01,West,Groceries,Cooking Oil,Amit Singh,1,0.0,1292.71,202.97
1799,2023-07-01,West,Clothing,Jacket,Neha Joshi,8,0.0,3243.33,358.36
1800,2023-07-02,South,Electronics,Smart Watch,Rohit Kapoor,2,0.0,3531.73,862.73
1801,2023-07-02,East,Groceries,Cooking Oil,Divya Menon,6,0.05,9588.9,1584.34
1802,2023-07-02,North,Furniture,Bookshelf,Kavita Das,4,0.15,5404.3,619.91
1803,2023-07-02,West,Electronics,Smart Watch,Amit Singh,4,0.2,4646.57,824.61
1804,2023-07-03,West,Furniture,Sofa,Vikram Rao,4,0.1,880.27,209.89
1805,2023-07-03,North,Clothing,Jeans,Priya Verma,13,0.15,17002.82,2447.91
1806,2023-07-03,East,Stationery,Pen Set,Sanjay Malhotra,10,0.05,9900.14,2084.49
1807,2023-07-03,South,Electronics,Smart Watch,Kavita Das,9,0.15,13067.42,1872.41
1808,2023-07-04,West,Clothing,T-Shirt,Divya Menon,7,0.05,4489.89,838.93
1809,2023-07-04,South,Stationery,Pen Set,Manoj Pillai,10,0.0,4950.34,538.82
1810,2023-07-04,West,Stationery,Notebook,Karan Mehta,9,0.15,6178.45,1603.95
1811,2023-07-04,North,Groceries,Tea Pack,Sneha Gupta,2,0.2,3653.97,871.95
1812,2023-07-04,West,Furniture,Wooden Table,Anjali Nair,5,0.05,3697.77,436.88
1813,2023-07-04,West,Clothing,Jeans,Divya Menon,8,0.2,10333.74,1083.83
1814,2023-07-05,West,Furniture,Bookshelf,Amit Singh,6,0.15,4264.64,427.63
1815,2023-07-05,North,Groceries,Snacks Box,Rohit Kapoor,1,0.1,1277.21,196.64
1816,2023-07-05,South,Electronics,Tablet,Manoj Pillai,6,0.0,6590.18,1858.44
1817,2023-07-05,East,Electronics,Smartphone,Karan Mehta,6,0.15,10558.24,1827.78
1818,2023-07-05,South,Stationery,Notebook,Rohit Kapoor,4,0.05,3885.32,573.96
1819,2023-07-05,North,Groceries,Spices Set,Kavita Das,4,0.05,4333.86,1211.69
1820,2023-07-06,East,Electronics,Smartphone,Anjali Nair,6,0.15,8636.61,1773.41
1821,2023-07-06,North,Groceries,Spices Set,Arjun Reddy,9,0.1,12053.08,2092.77
1822,2023-07-06,North,Furniture,Bookshelf,Priya Verma,7,0.15,9519.62,2776.41
1823,2023-07-06,North,Electronics,Laptop,Vikram Rao,2,0.05,4574.92,1258.1
1824,2023-07-06,North,Clothing,Shoes,Arjun Reddy,9,0.05,14539.92,2675.72
1825,2023-07-06,North,Clothing,Jeans,Priya Verma,8,0.05,20900.65,4784.88
1826,2023-07-07,East,Clothing,Shoes,Neha Joshi,9,0.2,8328.15,1339.3
1827,2023-07-07,South,Clothing,Jeans,Sanjay Malhotra,5,0.05,3639.55,1070.55
1828,2023-07-07,North,Furniture,Sofa,Vikram Rao,8,0.05,8793.65,1162.15
1829,2023-07-07,East,Furniture,Wooden Table,Kavita Das,3,0.05,1127.99,122.08
1830,2023-07-07,East,Stationery,Pen Set,Pooja Iyer,5,0.1,2011.31,427.4
1831,2023-07-07,North,Clothing,Jacket,Amit Singh,6,0.15,9650.83,1278.92
1832,2023-07-08,North,Electronics,Smart Watch,Manoj Pillai,8,0.05,31900.35,9109.54
1833,2023-07-08,South,Electronics,Tablet,Rohit Kapoor,6,0.1,5544.25,875.8
1834,2023-07-08,South,Stationery,Marker Pack,Anjali Nair,2,0.15,1609.16,205.79
1835,2023-07-08,North,Clothing,T-Shirt,Karan Mehta,10,0.05,15384.11,1822.96
1836,2023-07-08,North,Stationery,Pen Set,Neha Joshi,9,0.05,16130.53,4087.78
1837,2023-07-09,North,Electronics,Tablet,Kavita Das,8,0.0,34468.83,6165.95
1838,2023-07-09,West,Clothing,Cap,Neha Joshi,9,0.0,17260.1,2972.41
1839,2023-07-09,South,Groceries,Snacks Box,Karan Mehta,6,0.0,2778.25,473.06
1840,2023-07-09,West,Stationery,Notebook,Sneha Gupta,8,0.15,8509.8,1342.22
1841,2023-07-10,West,Furniture,Bed Frame,Neha Joshi,2,0.05,621.65,121.17
1842,2023-07-10,East,Electronics,Tablet,Sanjay Malhotra,7,0.0,2336.35,532.13
1843,2023-07-10,East,Groceries,Cooking Oil,Rohit Kapoor,8,0.2,10479.43,1334.93
1844,2023-07-10,South,Groceries,Snacks Box,Rohit Kapoor,8,0.0,8741.4,1402.11
1845,2023-07-10,East,Groceries,Spices Set,Divya Menon,8,0.05,1981.53,199.12
1846,2023-07-10,East,Clothing,Shoes,Priya Verma,13,0.15,6673.26,1527.89
1847,2023-07-11,North,Clothing,Shoes,Priya Verma,17,0.1,30784.83,5763.34
1848,2023-07-11,East,Groceries,Rice Pack,Anjali Nair,9,0.2,1750.75,265.95
1849,2023-07-11,North,Furniture,Sofa,Pooja Iyer,3,0.1,1174.81,181.55
1850,2023-07-12,East,Electronics,Headphones,Vikram Rao,9,0.0,15946.3,4039.01
1851,2023-07-12,South,Electronics,Tablet,Sanjay Malhotra,3,0.2,1826.82,298.21
1852,2023-07-12,East,Clothing,Jacket,Priya Verma,13,0.2,10005.19,1026.33
1853,2023-07-12,East,Clothing,Shoes,Karan Mehta,6,0.05,2530.38,331.25
1854,2023-07-12,South,Furniture,Bed Frame,Neha Joshi,9,0.2,4163.1,1001.03
1855,2023-07-12,North,Groceries,Tea Pack,Manoj Pillai,2,0.0,4915.05,1399.23
1856,2023-07-13,East,Clothing,Jacket,Amit Singh,8,0.2,8438.84,2481.21
1857,2023-07-13,South,Clothing,T-Shirt,Divya Menon,2,0.05,586.45,140.07
1858,2023-07-13,South,Clothing,Jeans,Sneha Gupta,3,0.0,2069.17,522.68
1859,2023-07-13,North,Electronics,Smartphone,Sanjay Malhotra,8,0.15,4141.01,503.4
1860,2023-07-13,North,Groceries,Rice Pack,Manoj Pillai,5,0.0,2343.46,547.24
1861,2023-07-13,North,Electronics,Tablet,Sneha Gupta,10,0.05,11142.56,1897.65
1862,2023-07-14,South,Clothing,Cap,Anjali Nair,6,0.05,7088.31,1815.74
1863,2023-07-14,South,Stationery,File Folder,Priya Verma,9,0.2,5892.45,844.98
1864,2023-07-14,South,Clothing,Jeans,Manoj Pillai,9,0.0,12563.98,1504.38
1865,2023-07-15,West,Clothing,Cap,Amit Singh,8,0.0,4393.41,751.12
1866,2023-07-15,West,Groceries,Cooking Oil,Rohit Kapoor,4,0.15,1302.08,386.62
1867,2023-07-15,North,Groceries,Rice Pack,Rohit Kapoor,3,0.15,5885.47,1418.08
1868,2023-07-15,North,Electronics,Headphones,Pooja Iyer,2,0.15,2659.91,585.39
1869,2023-07-16,West,Furniture,Bed Frame,Karan Mehta,5,0.15,1307.7,148.98
1870,2023-07-16,West,Clothing,Jeans,Rahul Sharma,15,0.0,14318.57,3317.75
1871,2023-07-16,North,Electronics,Laptop,Karan Mehta,7,0.2,24166.62,6000.24
1872,2023-07-16,South,Electronics,Headphones,Sneha Gupta,6,0.05,7063.19,2105.76
1873,2023-07-16,North,Furniture,Bookshelf,Divya Menon,8,0.1,9999.72,2531.87
1874,2023-07-17,West,Clothing,Shoes,Arjun Reddy,10,0.15,17565.51,3553.2
1875,2023-07-17,South,Groceries,Rice Pack,Priya Verma,13,0.15,7865.5,2269.04
1876,2023-07-17,North,Electronics,Smartphone,Kavita Das,2,0.15,5318.3,1565.78
1877,2023-07-17,West,Stationery,Geometry Box,Amit Singh,5,0.2,4018.33,1012.76
1878,2023-07-17,West,Groceries,Cooking Oil,Vikram Rao,8,0.15,7161.75,1493.14
1879,2023-07-18,North,Groceries,Rice Pack,Karan Mehta,8,0.1,18341.65,3457.61
1880,2023-07-18,North,Electronics,Laptop,Rohit Kapoor,5,0.05,11346.0,1439.78
1881,2023-07-18,West,Groceries,Rice Pack,Neha Joshi,8,0.2,8716.73,1869.23
1882,2023-07-19,South,Stationery,Notebook,Karan Mehta,5,0.15,2793.18,490.37
1883,2023-07-19,East,Clothing,Jacket,Rahul Sharma,6,0.2,1559.05,264.69
1884,2023-07-19,North,Clothing,Shoes,Priya Verma,13,0.1,37515.6,6387.18
1885,2023-07-19,South,Furniture,Wooden Table,Arjun Reddy,5,0.2,550.52,130.8
1886,2023-07-19,East,Electronics,Headphones,Amit Singh,1,0.2,991.63,190.57
1887,2023-07-19,West,Stationery,File Folder,Manoj Pillai,7,0.1,1133.43,219.82
1888,2023-07-20,East,Groceries,Spices Set,Karan Mehta,6,0.2,1894.57,374.5
1889,2023-07-20,South,Clothing,Shoes,Rohit Kapoor,6,0.05,5325.42,919.52
1890,2023-07-20,West,Furniture,Bookshelf,Arjun Reddy,2,0.2,533.83,81.69
1891,2023-07-21,West,Furniture,Bed Frame,Divya Menon,2,0.2,337.91,56.56
1892,2023-07-21,North,Stationery,File Folder,Pooja Iyer,7,0.05,6444.93,743.31
1893,2023-07-21,East,Stationery,Geometry Box,Karan Mehta,9,0.1,3811.18,687.77
1894,2023-07-21,West,Stationery,Pen Set,Manoj Pillai,1,0.2,1065.75,229.53
1895,2023-07-21,South,Groceries,Snacks Box,Manoj Pillai,9,0.2,8119.77,2284.64
1896,2023-07-22,South,Clothing,Shoes,Amit Singh,4,0.05,4193.91,1061.5
1897,2023-07-22,West,Groceries,Snacks Box,Kavita Das,2,0.05,3109.55,476.96
1898,2023-07-22,East,Furniture,Sofa,Arjun Reddy,10,0.05,5569.39,683.43
1899,2023-07-23,North,Furniture,Sofa,Pooja Iyer,8,0.2,11186.85,2062.9
1900,2023-07-23,North,Furniture,Wooden Table,Vikram Rao,3,0.0,1757.65,458.23
1901,2023-07-23,South,Electronics,Smart Watch,Sanjay Malhotra,1,0.0,1703.57,198.95
1902,2023-07-23,East,Electronics,Smart Watch,Manoj Pillai,6,0.0,8641.18,2315.51
1903,2023-07-24,South,Electronics,Tablet,Divya Menon,9,0.0,9999.32,2657.78
1904,2023-07-24,East,Groceries,Rice Pack,Sneha Gupta,10,0.0,16713.31,2718.96
1905,2023-07-24,West,Furniture,Bookshelf,Sneha Gupta,3,0.0,881.12,259.04
1906,2023-07-24,West,Groceries,Snacks Box,Kavita Das,10,0.0,10285.13,1799.29
1907,2023-07-25,East,Stationery,Marker Pack,Pooja Iyer,4,0.1,5391.73,1549.55
1908,2023-07-25,East,Groceries,Snacks Box,Kavita Das,5,0.0,7149.01,2009.2
1909,2023-07-25,North,Electronics,Laptop,Vikram Rao,9,0.15,12747.64,3718.44
1910,2023-07-26,North,Stationery,Pen Set,Kavita Das,8,0.15,1710.4,499.69
1911,2023-07-26,East,Clothing,T-Shirt,Manoj Pillai,4,0.1,2406.22,669.05
1912,2023-07-26,West,Clothing,Shoes,Sanjay Malhotra,1,0.1,1654.9,437.95
1913,2023-07-26,West,Groceries,Tea Pack,Manoj Pillai,6,0.15,8615.23,2274.84
1914,2023-07-26,South,Clothing,Cap,Priya Verma,13,0.15,10143.05,2510.98
1915,2023-07-27,North,Electronics,Laptop,Arjun Reddy,8,0.05,3439.99,481.65
1916,2023-07-27,East,Clothing,Cap,Priya Verma,10,0.05,7124.3,2094.07
1917,2023-07-27,South,Stationery,Marker Pack,Sanjay Malhotra,6,0.15,2813.93,695.14
1918,2023-07-27,East,Furniture,Bed Frame,Kavita Das,6,0.1,1896.94,346.95
1919,2023-07-27,South,Groceries,Tea Pack,Kavita Das,10,0.05,1465.47,153.28
1920,2023-07-27,South,Electronics,Smart Watch,Sneha Gupta,5,0.05,1341.25,299.9
1921,2023-07-28,South,Electronics,Headphones,Amit Singh,10,0.0,2197.72,450.9
1922,2023-07-28,West,Groceries,Rice Pack,Sneha Gupta,4,0.05,6869.45,1804.48
1923,2023-07-28,East,Clothing,Shoes,Karan Mehta,3,0.15,5128.88,1128.44
1924,2023-07-28,East,Furniture,Bookshelf,Amit Singh,7,0.05,1054.88,311.43
1925,2023-07-28,South,Stationery,Marker Pack,Manoj Pillai,4,0.1,2338.55,536.57
1926,2023-07-29,North,Groceries,Cooking Oil,Kavita Das,6,0.15,10754.46,2609.75
1927,2023-07-29,West,Stationery,Geometry Box,Priya Verma,7,0.2,1301.29,372.45
1928,2023-07-29,West,Clothing,Cap,Arjun Reddy,10,0.0,2190.84,440.16
1929,2023-07-30,East,Groceries,Snacks Box,Amit Singh,9,0.0,11764.08,1788.83
1930,2023-07-30,West,Clothing,Shoes,Amit Singh,2,0.1,2780.98,518.89
1931,2023-07-30,East,Electronics,Headphones,Rahul Sharma,8,0.15,18946.24,4728.31
1932,2023-07-30,West,Clothing,Jacket,Neha Joshi,5,0.2,3191.09,888.83
1933,2023-07-30,East,Groceries,Cooking Oil,Rohit Kapoor,8,0.0,4536.47,503.16
1934,2023-07-30,South,Electronics,Smart Watch,Vikram Rao,3,0.15,2450.38,732.76
1935,2023-07-31,North,Groceries,Snacks Box,Divya Menon,9,0.15,11500.34,1408.77
1936,2023-07-31,South,Electronics,Headphones,Priya Verma,8,0.1,3686.76,921.64
1937,2023-07-31,East,Stationery,File Folder,Sneha Gupta,10,0.0,9633.35,2063.05
1938,2023-07-31,West,Electronics,Laptop,Sanjay Malhotra,8,0.0,20488.79,2155.27
1939,2023-07-31,North,Groceries,Snacks Box,Neha Joshi,2,0.1,1259.99,146.43
1940,2023-07-31,West,Groceries,Snacks Box,Neha Joshi,1,0.1,1663.48,384.65
1941,2023-08-01,East,Stationery,Pen Set,Sneha Gupta,1,0.1,590.97,65.66
1942,2023-08-01,North,Stationery,File Folder,Karan Mehta,2,0.15,1331.51,197.08
1943,2023-08-01,West,Electronics,Smartphone,Kavita Das,4,0.05,4869.74,878.89
1944,2023-08-01,South,Electronics,Headphones,Pooja Iyer,7,0.1,11220.64,2476.43
1945,2023-08-01,East,Electronics,Headphones,Rohit Kapoor,4,0.15,5364.62,952.85
1946,2023-08-01,East,Stationery,File Folder,Karan Mehta,2,0.15,2370.18,528.01
1947,2023-08-02,West,Electronics,Smartphone,Rohit Kapoor,6,0.15,10302.35,2364.62
1948,2023-08-02,South,Groceries,Spices Set,Arjun Reddy,9,0.0,4231.1,793.21
1949,2023-08-02,West,Clothing,Jeans,Amit Singh,5,0.05,5666.45,901.51
1950,2023-08-02,North,Stationery,Notebook,Manoj Pillai,1,0.2,374.21,69.22
1951,2023-08-02,North,Groceries,Spices Set,Kavita Das,5,0.1,4402.09,512.2
1952,2023-08-02,North,Electronics,Smart Watch,Amit Singh,3,0.15,1598.76,292.97
1953,2023-08-03,East,Stationery,Marker Pack,Sanjay Malhotra,8,0.2,8892.45,1496.3
1954,2023-08-03,South,Furniture,Wooden Table,Priya Verma,13,0.1,8071.53,1507.44
1955,2023-08-03,North,Electronics,Smart Watch,Priya Verma,7,0.05,20448.31,4874.08
1956,2023-08-03,West,Clothing,Cap,Kavita Das,10,0.1,13573.22,3971.91
1957,2023-08-03,West,Clothing,T-Shirt,Amit Singh,3,0.0,1703.7,448.4
1958,2023-08-04,North,Furniture,Bookshelf,Arjun Reddy,3,0.05,2499.79,562.98
1959,2023-08-04,South,Electronics,Headphones,Sanjay Malhotra,8,0.05,7804.07,814.46
1960,2023-08-04,South,Furniture,Bookshelf,Pooja Iyer,8,0.0,5452.62,1183.47
1961,2023-08-04,South,Clothing,Cap,Kavita Das,7,0.0,4008.66,483.17
1962,2023-08-05,West,Groceries,Spices Set,Neha Joshi,9,0.1,2051.73,369.18
1963,2023-08-05,West,Furniture,Office Chair,Rohit Kapoor,1,0.15,599.58,126.3
1964,2023-08-05,East,Groceries,Tea Pack,Priya Verma,13,0.2,20640.29,3914.74
1965,2023-08-05,West,Electronics,Laptop,Vikram Rao,4,0.15,3967.69,580.95
1966,2023-08-05,South,Stationery,Geometry Box,Manoj Pillai,10,0.15,1927.5,305.85
1967,2023-08-05,West,Groceries,Snacks Box,Sanjay Malhotra,8,0.05,9525.46,1490.65
1968,2023-08-06,West,Furniture,Wooden Table,Sneha Gupta,3,0.2,1485.56,384.31
1969,2023-08-06,West,Clothing,Jeans,Sneha Gupta,9,0.0,18797.49,3228.61
1970,2023-08-06,East,Clothing,Jeans,Amit Singh,9,0.0,17175.33,2877.67
1971,2023-08-07,South,Electronics,Tablet,Sneha Gupta,8,0.1,13959.92,3587.38
1972,2023-08-07,North,Stationery,Geometry Box,Manoj Pillai,3,0.2,3671.55,443.63
1973,2023-08-07,North,Groceries,Tea Pack,Kavita Das,2,0.0,4772.71,1059.21
1974,2023-08-08,North,Stationery,Notebook,Amit Singh,2,0.05,4152.74,545.7
1975,2023-08-08,East,Groceries,Spices Set,Pooja Iyer,2,0.05,2722.71,454.48
1976,2023-08-08,South,Electronics,Laptop,Pooja Iyer,7,0.0,4378.71,1146.47
1977,2023-08-09,East,Stationery,Pen Set,Priya Verma,11,0.1,12368.88,2129.04
1978,2023-08-09,South,Furniture,Bed Frame,Karan Mehta,4,0.05,2435.2,444.87
1979,2023-08-09,West,Groceries,Spices Set,Sanjay Malhotra,6,0.0,5680.86,1443.11
1980,2023-08-09,North,Electronics,Headphones,Anjali Nair,7,0.05,14536.32,2596.96
1981,2023-08-09,North,Furniture,Bed Frame,Rahul Sharma,17,0.1,13015.43,3125.76
1982,2023-08-10,East,Clothing,T-Shirt,Kavita Das,5,0.2,6000.1,776.25
1983,2023-08-10,West,Groceries,Cooking Oil,Manoj Pillai,9,0.2,11074.06,2551.55
1984,2023-08-10,East,Groceries,Cooking Oil,Manoj Pillai,5,0.0,1399.37,233.55
1985,2023-08-10,South,Stationery,File Folder,Vikram Rao,4,0.0,2331.7,378.79
1986,2023-08-10,East,Furniture,Office Chair,Rahul Sharma,14,0.2,4696.77,1152.13
1987,2023-08-11,North,Clothing,Jacket,Arjun Reddy,9,0.1,5595.05,1406.1
1988,2023-08-11,North,Groceries,Snacks Box,Neha Joshi,1,0.15,1022.63,150.55
1989,2023-08-11,South,Clothing,Jacket,Vikram Rao,10,0.05,10092.51,2058.2
1990,2023-08-12,North,Clothing,Cap,Neha Joshi,4,0.1,5985.02,773.93
1991,2023-08-12,West,Groceries,Rice Pack,Priya Verma,7,0.15,10170.64,1453.96
1992,2023-08-12,North,Clothing,Cap,Karan Mehta,10,0.2,14820.43,2652.21
1993,2023-08-12,East,Stationery,Marker Pack,Arjun Reddy,7,0.15,7198.28,2084.36
1994,2023-08-13,South,Furniture,Bed Frame,Amit Singh,8,0.15,1148.03,276.57
1995,2023-08-13,North,Furniture,Bookshelf,Pooja Iyer,1,0.05,1607.68,279.52
1996,2023-08-13,North,Stationery,Marker Pack,Priya Verma,5,0.1,6571.18,1344.17
1997,2023-08-13,North,Clothing,Jacket,Anjali Nair,5,0.1,7899.6,2040.0
1998,2023-08-13,South,Stationery,Marker Pack,Rahul Sharma,13,0.1,3577.68,707.52
1999,2023-08-13,North,Stationery,Geometry Box,Priya Verma,6,0.15,6459.39,1376.84
2000,2023-08-14,West,Groceries,Spices Set,Amit Singh,3,0.2,3068.03,774.17
2001,2023-08-14,West,Furniture,Sofa,Priya Verma,14,0.2,5983.92,1675.79
2002,2023-08-14,East,Stationery,Notebook,Arjun Reddy,8,0.1,8241.31,2251.45
2003,2023-08-14,North,Stationery,Geometry Box,Rohit Kapoor,2,0.2,671.5,195.43
2004,2023-08-14,North,Stationery,File Folder,Sneha Gupta,8,0.2,13794.91,1711.35
2005,2023-08-15,North,Clothing,Jeans,Sneha Gupta,10,0.15,4892.52,1011.33
2006,2023-08-15,East,Groceries,Spices Set,Rahul Sharma,12,0.0,10230.21,1872.0
2007,2023-08-15,East,Groceries,Snacks Box,Priya Verma,7,0.0,8637.74,1112.6
2008,2023-08-15,East,Electronics,Laptop,Vikram Rao,7,0.05,3205.44,936.71
2009,2023-08-16,North,Electronics,Headphones,Karan Mehta,2,0.1,1830.05,509.86
2010,2023-08-16,East,Groceries,Rice Pack,Rahul Sharma,11,0.05,17049.52,2511.36
2011,2023-08-16,West,Electronics,Headphones,Rahul Sharma,9,0.15,13033.73,2565.49
2012,2023-08-16,West,Furniture,Office Chair,Vikram Rao,9,0.2,5807.88,866.9
2013,2023-08-17,East,Stationery,Marker Pack,Pooja Iyer,2,0.2,761.0,223.42
2014,2023-08-17,East,Stationery,Pen Set,Sanjay Malhotra,4,0.2,5146.72,1504.23
2015,2023-08-17,West,Electronics,Smartphone,Kavita Das,8,0.2,6572.32,1935.0
2016,2023-08-17,North,Electronics,Smart Watch,Vikram Rao,10,0.1,34302.83,6038.35
2017,2023-08-18,South,Stationery,File Folder,Vikram Rao,1,0.05,756.08,160.75
2018,2023-08-18,East,Electronics,Smart Watch,Divya Menon,2,0.05,4504.11,1350.17
2019,2023-08-18,West,Furniture,Bed Frame,Rohit Kapoor,6,0.1,4134.7,1223.57
2020,2023-08-18,West,Clothing,Jeans,Arjun Reddy,6,0.1,3267.99,953.59
2021,2023-08-18,East,Electronics,Laptop,Arjun Reddy,1,0.2,1332.77,373.56
2022,2023-08-19,West,Stationery,Marker Pack,Sanjay Malhotra,7,0.2,1472.86,405.54
2023,2023-08-19,North,Stationery,Notebook,Manoj Pillai,8,0.0,7939.55,2084.58
2024,2023-08-19,East,Groceries,Cooking Oil,Kavita Das,1,0.0,1084.49,311.52
2025,2023-08-19,West,Electronics,Laptop,Divya Menon,1,0.1,1827.56,441.98
2026,2023-08-20,North,Stationery,Geometry Box,Sanjay Malhotra,4,0.05,8867.25,2602.18
2027,2023-08-20,North,Clothing,Shoes,Manoj Pillai,10,0.05,3302.96,980.49
2028,2023-08-20,West,Electronics,Headphones,Neha Joshi,9,0.15,5525.39,766.67
2029,2023-08-20,South,Electronics,Tablet,Amit Singh,2,0.05,1236.22,264.53
2030,2023-08-21,East,Furniture,Office Chair,Divya Menon,9,0.2,2972.25,630.19
2031,2023-08-21,West,Electronics,Smart Watch,Arjun Reddy,1,0.1,1255.04,375.28
2032,2023-08-21,East,Electronics,Tablet,Pooja Iyer,8,0.1,12826.25,1394.12
2033,2023-08-21,South,Electronics,Headphones,Manoj Pillai,7,0.2,5503.41,556.02
2034,2023-08-22,East,Electronics,Tablet,Sanjay Malhotra,1,0.05,2933.51,542.01
2035,2023-08-22,North,Furniture,Wooden Table,Amit Singh,6,0.1,1506.54,339.06
2036,2023-08-22,North,Groceries,Tea Pack,Sanjay Malhotra,1,0.2,1942.38,557.49
2037,2023-08-22,East,Furniture,Office Chair,Pooja Iyer,4,0.1,3852.27,1018.26
2038,2023-08-23,North,Stationery,File Folder,Pooja Iyer,2,0.15,2508.51,293.76
2039,2023-08-23,North,Electronics,Smart Watch,Anjali Nair,2,0.05,1318.79,343.52
2040,2023-08-23,North,Clothing,Cap,Arjun Reddy,7,0.0,4382.73,487.18
2041,2023-08-23,North,Clothing,Shoes,Karan Mehta,2,0.2,4060.32,595.33
2042,2023-08-24,West,Groceries,Tea Pack,Sanjay Malhotra,7,0.2,6993.75,1174.41
2043,2023-08-24,North,Groceries,Spices Set,Anjali Nair,10,0.05,5564.17,570.09
2044,2023-08-24,North,Stationery,Pen Set,Manoj Pillai,10,0.05,15205.12,2299.88
2045,2023-08-25,West,Stationery,Marker Pack,Amit Singh,4,0.05,4720.86,529.2
2046,2023-08-25,East,Stationery,Marker Pack,Rohit Kapoor,6,0.1,5672.72,1181.22
2047,2023-08-25,South,Furniture,Bookshelf,Vikram Rao,10,0.1,2540.94,747.17
2048,2023-08-25,South,Electronics,Laptop,Rohit Kapoor,9,0.0,8421.46,1171.27
2049,2023-08-25,South,Furniture,Office Chair,Anjali Nair,4,0.15,1923.5,570.1
2050,2023-08-25,East,Stationery,File Folder,Anjali Nair,10,0.1,7209.61,954.96
2051,2023-08-26,North,Groceries,Cooking Oil,Manoj Pillai,1,0.05,2042.48,394.83
2052,2023-08-26,South,Furniture,Bookshelf,Divya Menon,6,0.15,1132.87,155.03
2053,2023-08-26,North,Clothing,T-Shirt,Priya Verma,10,0.0,19576.6,3095.36
2054,2023-08-26,South,Stationery,Geometry Box,Rahul Sharma,5,0.05,1373.53,197.5
2055,2023-08-26,East,Furniture,Sofa,Kavita Das,9,0.05,2808.38,292.91
2056,2023-08-26,East,Electronics,Smartphone,Kavita Das,3,0.15,5537.46,1533.89
2057,2023-08-27,South,Clothing,Shoes,Sneha Gupta,6,0.1,5365.38,1546.48
2058,2023-08-27,West,Electronics,Smartphone,Amit Singh,3,0.05,2213.49,388.78
2059,2023-08-27,East,Clothing,Cap,Karan Mehta,4,0.0,7269.79,1580.93
2060,2023-08-27,East,Furniture,Sofa,Sneha Gupta,1,0.1,1004.23,271.44
2061,2023-08-27,West,Furniture,Office Chair,Sanjay Malhotra,8,0.2,1155.58,233.11
2062,2023-08-28,West,Stationery,Marker Pack,Amit Singh,6,0.1,4702.59,924.81
2063,2023-08-28,West,Groceries,Snacks Box,Neha Joshi,7,0.2,7285.88,1030.51
2064,2023-08-28,South,Groceries,Cooking Oil,Karan Mehta,4,0.1,2258.2,396.13
2065,2023-08-28,South,Clothing,Jacket,Rohit Kapoor,2,0.05,2109.64,335.45
2066,2023-08-28,East,Furniture,Bed Frame,Rahul Sharma,14,0.2,9299.99,1769.14
2067,2023-08-29,West,Clothing,Shoes,Anjali Nair,5,0.15,1085.85,204.51
2068,2023-08-29,East,Electronics,Headphones,Manoj Pillai,2,0.1,4866.81,985.81
2069,2023-08-29,North,Clothing,Jeans,Priya Verma,9,0.0,12473.14,1747.0
2070,2023-08-29,South,Clothing,Jacket,Vikram Rao,5,0.05,4993.02,1495.9
2071,2023-08-29,East,Electronics,Headphones,Vikram Rao,6,0.15,15281.57,4040.02
2072,2023-08-29,North,Groceries,Spices Set,Sanjay Malhotra,3,0.15,2308.56,564.83
2073,2023-08-30,West,Furniture,Bed Frame,Neha Joshi,9,0.15,6543.01,1258.09
2074,2023-08-30,North,Clothing,Jeans,Karan Mehta,7,0.05,10750.08,2908.85
2075,2023-08-30,North,Clothing,Jeans,Neha Joshi,3,0.1,8371.2,853.33
2076,2023-08-30,East,Clothing,Jeans,Karan Mehta,7,0.15,10810.84,2574.1
2077,2023-08-31,East,Stationery,Notebook,Neha Joshi,1,0.05,380.36,110.51
2078,2023-08-31,East,Stationery,File Folder,Manoj Pillai,10,0.2,11830.56,3502.25
2079,2023-08-31,South,Groceries,Rice Pack,Rohit Kapoor,7,0.05,4558.51,755.66
2080,2023-08-31,West,Clothing,T-Shirt,Amit Singh,2,0.2,869.01,230.54
2081,2023-08-31,West,Electronics,Laptop,Sneha Gupta,2,0.15,1722.09,252.47
2082,2023-09-01,West,Electronics,Headphones,Rohit Kapoor,1,0.05,1067.01,300.86
2083,2023-09-01,West,Furniture,Office Chair,Amit Singh,9,0.15,4625.85,526.2
2084,2023-09-01,South,Furniture,Wooden Table,Vikram Rao,7,0.15,1127.31,242.39
2085,2023-09-02,South,Stationery,Marker Pack,Vikram Rao,4,0.0,4126.62,780.53
2086,2023-09-02,West,Stationery,Pen Set,Rohit Kapoor,6,0.2,6503.04,1248.85
2087,2023-09-02,North,Electronics,Headphones,Arjun Reddy,8,0.1,23690.81,5740.98
2088,2023-09-02,East,Groceries,Spices Set,Kavita Das,3,0.15,1736.21,486.13
2089,2023-09-02,West,Groceries,Tea Pack,Manoj Pillai,3,0.2,848.07,203.31
2090,2023-09-03,South,Furniture,Sofa,Manoj Pillai,9,0.1,4422.54,501.29
2091,2023-09-03,South,Groceries,Tea Pack,Sanjay Malhotra,9,0.0,11650.68,1343.4
2092,2023-09-03,North,Stationery,Geometry Box,Karan Mehta,8,0.05,5980.88,1203.43
2093,2023-09-04,North,Electronics,Smart Watch,Karan Mehta,6,0.15,19995.96,3585.97
2094,2023-09-04,North,Clothing,T-Shirt,Divya Menon,3,0.1,6273.93,1209.92
2095,2023-09-04,West,Electronics,Smartphone,Rohit Kapoor,4,0.15,2192.17,578.92
2096,2023-09-04,South,Furniture,Office Chair,Neha Joshi,2,0.05,540.53,111.85
2097,2023-09-04,West,Furniture,Office Chair,Arjun Reddy,1,0.1,244.34,41.93
2098,2023-09-04,South,Electronics,Tablet,Sneha Gupta,8,0.0,13304.48,3489.8
2099,2023-09-05,West,Clothing,Shoes,Rahul Sharma,16,0.0,4808.61,1218.61
2100,2023-09-05,South,Clothing,Jeans,Sneha Gupta,2,0.0,1371.41,408.49
2101,2023-09-05,East,Furniture,Office Chair,Sneha Gupta,2,0.05,1799.36,195.77
2102,2023-09-06,East,Clothing,Cap,Arjun Reddy,4,0.2,2117.12,441.08
2103,2023-09-06,West,Electronics,Laptop,Sneha Gupta,2,0.1,2005.99,206.61
2104,2023-09-06,East,Electronics,Smart Watch,Sneha Gupta,8,0.05,3816.39,1003.78
2105,2023-09-07,North,Electronics,Laptop,Karan Mehta,5,0.2,9905.5,2952.78
2106,2023-09-07,South,Clothing,T-Shirt,Neha Joshi,6,0.15,5178.84,1525.03
2107,2023-09-07,South,Clothing,Jeans,Arjun Reddy,6,0.15,1172.44,121.38
2108,2023-09-07,West,Groceries,Spices Set,Arjun Reddy,4,0.2,3822.63,1137.91
2109,2023-09-07,South,Electronics,Tablet,Sanjay Malhotra,2,0.1,1097.78,203.86
2110,2023-09-08,North,Electronics,Laptop,Anjali Nair,8,0.1,9142.08,1601.23
2111,2023-09-08,North,Furniture,Bed Frame,Pooja Iyer,6,0.05,3598.71,823.1
2112,2023-09-08,North,Stationery,Marker Pack,Arjun Reddy,5,0.0,3677.9,906.88
2113,2023-09-08,East,Furniture,Wooden Table,Rohit Kapoor,1,0.05,983.1,235.21
2114,2023-09-09,West,Stationery,Geometry Box,Amit Singh,8,0.0,1923.17,381.42
2115,2023-09-09,South,Electronics,Laptop,Sneha Gupta,3,0.0,1499.4,314.53
2116,2023-09-09,South,Furniture,Bed Frame,Priya Verma,15,0.15,3782.25,527.65
2117,2023-09-09,West,Furniture,Bed Frame,Sneha Gupta,5,0.1,3174.34,931.81
2118,2023-09-10,East,Groceries,Rice Pack,Anjali Nair,7,0.15,3136.11,590.45
2119,2023-09-10,West,Furniture,Bookshelf,Rahul Sharma,12,0.15,10100.52,2212.38
2120,2023-09-10,South,Stationery,Pen Set,Vikram Rao,7,0.15,2322.12,363.75
2121,2023-09-10,West,Electronics,Headphones,Amit Singh,8,0.05,5182.2,714.76
2122,2023-09-11,East,Groceries,Tea Pack,Manoj Pillai,7,0.15,12163.17,2124.04
2123,2023-09-11,West,Clothing,Cap,Priya Verma,10,0.0,20758.41,3673.52
2124,2023-09-11,South,Furniture,Bookshelf,Vikram Rao,6,0.2,2763.88,627.39
2125,2023-09-12,North,Groceries,Tea Pack,Divya Menon,4,0.05,6049.02,1719.7
2126,2023-09-12,East,Electronics,Laptop,Vikram Rao,10,0.15,25431.93,3292.76
2127,2023-09-12,South,Stationery,File Folder,Arjun Reddy,3,0.0,639.78,75.79
2128,2023-09-12,West,Groceries,Spices Set,Manoj Pillai,2,0.2,2793.62,768.81
2129,2023-09-12,South,Groceries,Snacks Box,Divya Menon,5,0.2,5048.76,1169.78
2130,2023-09-13,East,Groceries,Rice Pack,Priya Verma,15,0.1,23610.03,5896.51
2131,2023-09-13,West,Clothing,T-Shirt,Amit Singh,8,0.0,3129.71,797.29
2132,2023-09-13,West,Stationery,Marker Pack,Arjun Reddy,5,0.15,1638.07,286.55
2133,2023-09-13,South,Furniture,Bookshelf,Amit Singh,9,0.0,3549.27,933.01
2134,2023-09-13,South,Furniture,Office Chair,Divya Menon,3,0.05,741.19,207.87
2135,2023-09-13,West,Groceries,Spices Set,Priya Verma,9,0.0,6221.2,777.25
2136,2023-09-14,East,Electronics,Tablet,Sneha Gupta,8,0.15,15112.33,1815.93
2137,2023-09-14,North,Clothing,T-Shirt,Arjun Reddy,10,0.0,6183.92,1264.41
2138,2023-09-14,North,Groceries,Spices Set,Rohit Kapoor,5,0.15,6713.72,1123.92
2139,2023-09-15,East,Clothing,Jacket,Anjali Nair,4,0.1,5809.31,1020.62
2140,2023-09-15,North,Clothing,Jacket,Sanjay Malhotra,2,0.0,3378.32,809.65
2141,2023-09-15,South,Electronics,Tablet,Priya Verma,13,0.1,21810.13,3788.11
2142,2023-09-15,West,Stationery,Marker Pack,Arjun Reddy,4,0.0,6004.38,1750.33
2143,2023-09-15,East,Electronics,Headphones,Kavita Das,1,0.1,2013.24,295.37
2144,2023-09-15,West,Groceries,Spices Set,Sanjay Malhotra,2,0.1,1659.13,475.0
2145,2023-09-16,North,Groceries,Snacks Box,Neha Joshi,4,0.05,10077.33,2773.75
2146,2023-09-16,North,Furniture,Bookshelf,Sanjay Malhotra,2,0.1,2754.58,824.34
2147,2023-09-16,West,Furniture,Bookshelf,Priya Verma,12,0.2,3467.18,464.9
2148,2023-09-16,North,Electronics,Smart Watch,Divya Menon,1,0.05,4006.84,662.33
2149,2023-09-16,West,Clothing,Jeans,Divya Menon,5,0.15,8494.81,1988.81
2150,2023-09-16,South,Stationery,Marker Pack,Priya Verma,13,0.05,12055.4,1361.46
2151,2023-09-17,West,Groceries,Spices Set,Kavita Das,7,0.05,3805.61,468.62
2152,2023-09-17,North,Electronics,Smartphone,Anjali Nair,10,0.05,32965.32,4062.03
2153,2023-09-17,East,Furniture,Sofa,Karan Mehta,10,0.0,4784.46,1043.07
2154,2023-09-17,South,Groceries,Tea Pack,Anjali Nair,6,0.05,4207.22,926.95
2155,2023-09-17,South,Electronics,Smart Watch,Rahul Sharma,14,0.15,8918.46,2385.18
2156,2023-09-18,West,Furniture,Bed Frame,Vikram Rao,3,0.0,2185.35,353.54
2157,2023-09-18,North,Clothing,Cap,Pooja Iyer,4,0.15,4070.6,1193.9
2158,2023-09-18,North,Clothing,Jeans,Kavita Das,4,0.05,9170.25,1013.43
2159,2023-09-18,South,Groceries,Tea Pack,Vikram Rao,3,0.0,2313.28,387.43
2160,2023-09-18,West,Clothing,Shoes,Karan Mehta,2,0.2,2521.64,394.57
2161,2023-09-18,South,Stationery,Marker Pack,Priya Verma,10,0.1,7273.09,1986.8
2162,2023-09-19,East,Groceries,Cooking Oil,Neha Joshi,3,0.15,3889.66,615.41
2163,2023-09-19,South,Furniture,Wooden Table,Sanjay Malhotra,4,0.0,1329.13,360.5
2164,2023-09-19,North,Furniture,Bookshelf,Karan Mehta,3,0.0,1008.05,297.21
2165,2023-09-20,North,Electronics,Tablet,Arjun Reddy,6,0.2,10606.73,1375.84
2166,2023-09-20,West,Furniture,Office Chair,Priya Verma,12,0.15,6276.37,1375.98
2167,2023-09-20,South,Groceries,Rice Pack,Sanjay Malhotra,8,0.15,3073.62,708.9
2168,2023-09-20,East,Electronics,Smartphone,Priya Verma,10,0.0,17019.34,4794.27
2169,2023-09-21,North,Stationery,File Folder,Neha Joshi,8,0.1,12532.47,1490.24
2170,2023-09-21,South,Groceries,Tea Pack,Arjun Reddy,7,0.1,5030.96,603.15
2171,2023-09-21,North,Stationery,Pen Set,Karan Mehta,1,0.15,1226.46,254.22
2172,2023-09-21,West,Electronics,Tablet,Kavita Das,10,0.2,16926.13,4367.17
2173,2023-09-22,South,Electronics,Laptop,Kavita Das,10,0.05,1941.26,367.77
2174,2023-09-22,East,Electronics,Smartphone,Amit Singh,10,0.05,20569.74,2418.26
2175,2023-09-22,East,Electronics,Smartphone,Priya Verma,16,0.1,19377.96,2602.86
2176,2023-09-23,South,Clothing,T-Shirt,Rohit Kapoor,5,0.2,2862.45,616.61
2177,2023-09-23,East,Stationery,Geometry Box,Neha Joshi,9,0.2,3494.0,418.59
2178,2023-09-23,North,Furniture,Office Chair,Sneha Gupta,3,0.1,4235.8,605.9
2179,2023-09-24,South,Stationery,Geometry Box,Vikram Rao,3,0.2,1197.61,251.46
2180,2023-09-24,East,Groceries,Cooking Oil,Karan Mehta,8,0.0,15964.48,3756.52
2181,2023-09-24,South,Stationery,Pen Set,Priya Verma,12,0.05,8809.01,2038.97
2182,2023-09-24,South,Groceries,Cooking Oil,Anjali Nair,7,0.15,953.87,210.54
2183,2023-09-25,East,Electronics,Tablet,Priya Verma,17,0.15,7253.82,854.46
2184,2023-09-25,East,Clothing,Jeans,Kavita Das,4,0.1,905.42,158.84
2185,2023-09-25,South,Groceries,Rice Pack,Sanjay Malhotra,2,0.05,1417.36,389.92
2186,2023-09-26,North,Stationery,Geometry Box,Divya Menon,10,0.1,12898.08,2856.84
2187,2023-09-26,North,Furniture,Sofa,Sanjay Malhotra,7,0.05,4921.69,1221.86
2188,2023-09-26,West,Groceries,Spices Set,Amit Singh,5,0.0,6820.93,1655.06
2189,2023-09-26,South,Furniture,Bookshelf,Neha Joshi,5,0.0,3613.73,823.35
2190,2023-09-26,East,Furniture,Bed Frame,Karan Mehta,8,0.05,4740.73,809.72
2191,2023-09-26,West,Stationery,Geometry Box,Vikram Rao,7,0.2,8065.2,2228.23
2192,2023-09-27,East,Electronics,Headphones,Karan Mehta,6,0.0,12685.85,1463.17
2193,2023-09-27,South,Electronics,Laptop,Neha Joshi,1,0.0,1499.68,316.18
2194,2023-09-27,West,Electronics,Smart Watch,Arjun Reddy,9,0.05,12955.96,2630.09
2195,2023-09-27,North,Groceries,Rice Pack,Neha Joshi,4,0.0,8924.07,2146.4
2196,2023-09-28,South,Stationery,File Folder,Rahul Sharma,18,0.15,15405.72,4406.61
2197,2023-09-28,South,Furniture,Office Chair,Anjali Nair,3,0.2,782.43,86.21
2198,2023-09-28,West,Groceries,Cooking Oil,Anjali Nair,2,0.1,3155.43,473.17
2199,2023-09-28,North,Clothing,Jacket,Pooja Iyer,5,0.1,4338.04,1074.12
2200,2023-09-28,West,Furniture,Sofa,Manoj Pillai,9,0.0,9663.62,2691.31
2201,2023-09-29,North,Clothing,T-Shirt,Neha Joshi,8,0.1,8766.88,1064.59
2202,2023-09-29,East,Furniture,Bookshelf,Anjali Nair,1,0.0,614.53,85.73
2203,2023-09-29,South,Groceries,Rice Pack,Manoj Pillai,8,0.0,2496.7,577.55
2204,2023-09-29,South,Groceries,Tea Pack,Anjali Nair,5,0.1,2840.22,387.51
2205,2023-09-29,East,Electronics,Smart Watch,Arjun Reddy,8,0.05,5407.73,1348.79
2206,2023-09-29,North,Clothing,Jeans,Priya Verma,10,0.1,4051.11,746.26
2207,2023-09-30,North,Furniture,Wooden Table,Pooja Iyer,5,0.0,4316.26,906.52
2208,2023-09-30,South,Clothing,Shoes,Rohit Kapoor,7,0.05,1890.1,229.79
2209,2023-09-30,North,Furniture,Wooden Table,Anjali Nair,9,0.0,12824.48,1889.06
2210,2023-09-30,East,Groceries,Spices Set,Divya Menon,1,0.15,949.93,148.61
2211,2023-09-30,North,Groceries,Cooking Oil,Neha Joshi,3,0.2,1933.27,302.03
2212,2023-10-01,East,Furniture,Bookshelf,Sneha Gupta,8,0.0,10316.3,2068.08
2213,2023-10-01,South,Furniture,Bed Frame,Arjun Reddy,3,0.05,648.63,116.92
2214,2023-10-01,East,Furniture,Wooden Table,Karan Mehta,1,0.2,394.68,107.7
2215,2023-10-02,West,Stationery,Geometry Box,Divya Menon,4,0.05,3255.26,637.51
2216,2023-10-02,West,Electronics,Headphones,Priya Verma,10,0.1,12658.29,3067.32
2217,2023-10-02,South,Clothing,T-Shirt,Amit Singh,1,0.0,294.13,73.22
2218,2023-10-02,South,Clothing,Shoes,Vikram Rao,10,0.0,9766.09,1469.33
2219,2023-10-02,West,Clothing,Jacket,Vikram Rao,2,0.0,4108.41,972.02
2220,2023-10-02,South,Clothing,Jacket,Divya Menon,6,0.2,5534.9,964.84
2221,2023-10-03,South,Stationery,Marker Pack,Priya Verma,9,0.05,8298.4,1029.59
2222,2023-10-03,South,Furniture,Bookshelf,Manoj Pillai,2,0.0,2069.64,463.19
2223,2023-10-03,East,Groceries,Cooking Oil,Rohit Kapoor,3,0.0,1896.73,348.32
2224,2023-10-03,East,Stationery,Geometry Box,Manoj Pillai,6,0.15,7999.34,987.8
2225,2023-10-03,West,Electronics,Smart Watch,Karan Mehta,9,0.2,23321.29,3110.76
2226,2023-10-04,South,Clothing,T-Shirt,Neha Joshi,1,0.05,1458.08,261.72
2227,2023-10-04,North,Furniture,Bookshelf,Sanjay Malhotra,9,0.15,11833.35,2106.92
2228,2023-10-04,East,Furniture,Wooden Table,Rahul Sharma,11,0.2,4595.29,467.67
2229,2023-10-04,West,Stationery,File Folder,Vikram Rao,5,0.05,3706.88,569.76
2230,2023-10-04,North,Furniture,Wooden Table,Rahul Sharma,17,0.05,14943.99,1937.16
2231,2023-10-05,South,Clothing,T-Shirt,Arjun Reddy,4,0.05,4421.05,443.34
2232,2023-10-05,East,Stationery,Geometry Box,Anjali Nair,2,0.2,1270.59,161.01
2233,2023-10-05,East,Clothing,T-Shirt,Arjun Reddy,1,0.1,865.47,253.62
2234,2023-10-05,South,Clothing,T-Shirt,Rohit Kapoor,10,0.0,15021.85,3569.54
2235,2023-10-05,East,Stationery,File Folder,Sneha Gupta,8,0.05,7004.16,986.07
2236,2023-10-06,South,Groceries,Cooking Oil,Divya Menon,7,0.1,2677.32,524.22
2237,2023-10-06,West,Furniture,Bookshelf,Amit Singh,3,0.05,2786.89,804.49
2238,2023-10-06,South,Clothing,T-Shirt,Vikram Rao,3,0.05,4768.53,1132.4
2239,2023-10-06,South,Electronics,Laptop,Priya Verma,15,0.05,19821.67,5829.1
2240,2023-10-06,North,Stationery,Pen Set,Divya Menon,1,0.2,516.44,91.31
2241,2023-10-06,North,Electronics,Smartphone,Amit Singh,4,0.0,8697.83,2502.54
2242,2023-10-07,North,Electronics,Tablet,Divya Menon,6,0.0,10796.27,2116.99
2243,2023-10-07,West,Furniture,Sofa,Anjali Nair,8,0.05,3874.53,808.63
2244,2023-10-07,East,Stationery,Notebook,Rahul Sharma,4,0.0,5552.39,1123.3
2245,2023-10-08,South,Electronics,Laptop,Rahul Sharma,9,0.15,9332.13,2156.4
2246,2023-10-08,South,Groceries,Rice Pack,Pooja Iyer,3,0.0,1649.3,480.43
2247,2023-10-08,East,Clothing,T-Shirt,Neha Joshi,6,0.0,8235.91,2346.74
2248,2023-10-08,North,Electronics,Tablet,Amit Singh,3,0.15,9392.41,2065.6
2249,2023-10-08,West,Furniture,Sofa,Neha Joshi,5,0.1,6376.62,983.39
2250,2023-10-08,West,Clothing,Jacket,Sanjay Malhotra,2,0.0,5123.68,1514.61
2251,2023-10-09,East,Furniture,Bookshelf,Pooja Iyer,8,0.0,2848.47,528.36
2252,2023-10-09,East,Furniture,Office Chair,Anjali Nair,3,0.05,3975.58,677.92
2253,2023-10-09,West,Groceries,Tea Pack,Divya Menon,7,0.2,12127.6,2021.59
2254,2023-10-09,South,Groceries,Tea Pack,Rohit Kapoor,8,0.2,6760.42,1395.99
2255,2023-10-10,West,Electronics,Tablet,Divya Menon,7,0.2,13855.26,3307.25
2256,2023-10-10,South,Electronics,Laptop,Anjali Nair,1,0.05,2579.27,266.78
2257,2023-10-10,West,Furniture,Office Chair,Rahul Sharma,10,0.1,12408.72,1972.24
2258,2023-10-10,South,Stationery,Marker Pack,Sneha Gupta,4,0.05,831.46,106.06
2259,2023-10-11,West,Electronics,Smart Watch,Anjali Nair,1,0.0,2778.93,318.89
2260,2023-10-11,South,Electronics,Laptop,Anjali Nair,3,0.0,2625.23,269.07
2261,2023-10-11,West,Furniture,Wooden Table,Pooja Iyer,3,0.2,2791.24,446.32
2262,2023-10-11,West,Clothing,Shoes,Sanjay Malhotra,1,0.1,527.05,59.03
2263,2023-10-12,South,Stationery,Pen Set,Rahul Sharma,13,0.15,11453.83,2414.82
2264,2023-10-12,East,Stationery,File Folder,Vikram Rao,4,0.15,7503.44,1158.27
2265,2023-10-12,North,Stationery,Marker Pack,Amit Singh,4,0.15,7601.0,1092.88
2266,2023-10-13,North,Groceries,Tea Pack,Anjali Nair,7,0.15,6283.64,1637.94
2267,2023-10-13,West,Furniture,Sofa,Priya Verma,7,0.0,4764.09,503.13
2268,2023-10-13,East,Furniture,Bed Frame,Priya Verma,7,0.05,7477.08,1028.46
2269,2023-10-13,South,Electronics,Laptop,Vikram Rao,2,0.2,2657.13,565.3
2270,2023-10-14,North,Electronics,Headphones,Priya Verma,10,0.0,62670.42,18283.96
2271,2023-10-14,South,Clothing,Shoes,Divya Menon,6,0.05,8357.61,998.53
2272,2023-10-14,West,Stationery,Notebook,Rohit Kapoor,3,0.0,4012.08,707.82
2273,2023-10-14,North,Clothing,Jeans,Amit Singh,8,0.0,33555.69,3981.66
2274,2023-10-14,South,Furniture,Wooden Table,Sanjay Malhotra,3,0.2,1479.89,363.67
2275,2023-10-14,East,Groceries,Cooking Oil,Anjali Nair,5,0.1,8746.67,2519.29
2276,2023-10-15,West,Furniture,Wooden Table,Neha Joshi,10,0.0,15356.94,3276.87
2277,2023-10-15,West,Electronics,Smartphone,Amit Singh,5,0.2,14057.25,3647.53
2278,2023-10-15,North,Groceries,Rice Pack,Pooja Iyer,6,0.05,22800.66,3016.4
2279,2023-10-16,East,Clothing,T-Shirt,Priya Verma,9,0.15,8217.42,2429.86
2280,2023-10-16,West,Furniture,Office Chair,Neha Joshi,8,0.0,5453.53,857.98
2281,2023-10-16,West,Stationery,Pen Set,Pooja Iyer,6,0.2,8787.98,2552.11
2282,2023-10-16,East,Electronics,Smart Watch,Rohit Kapoor,8,0.1,28248.73,8425.17
2283,2023-10-16,North,Stationery,Notebook,Divya Menon,4,0.2,1166.46,315.66
2284,2023-10-17,West,Furniture,Bed Frame,Karan Mehta,2,0.05,1362.76,262.27
2285,2023-10-17,North,Clothing,Shoes,Pooja Iyer,9,0.15,7092.8,965.01
2286,2023-10-17,North,Groceries,Tea Pack,Sneha Gupta,7,0.1,4233.59,713.3
2287,2023-10-17,West,Furniture,Bookshelf,Priya Verma,9,0.15,1641.6,475.58
2288,2023-10-17,South,Furniture,Sofa,Neha Joshi,1,0.2,696.07,78.29
2289,2023-10-18,West,Groceries,Cooking Oil,Rahul Sharma,12,0.0,30559.59,5640.81
2290,2023-10-18,East,Furniture,Office Chair,Amit Singh,2,0.1,1475.08,235.52
2291,2023-10-18,West,Groceries,Spices Set,Sneha Gupta,5,0.05,10708.09,1268.78
2292,2023-10-18,West,Clothing,Jacket,Amit Singh,4,0.1,9983.19,1959.95
2293,2023-10-18,South,Groceries,Snacks Box,Manoj Pillai,10,0.15,13005.85,2759.6
2294,2023-10-19,North,Stationery,File Folder,Amit Singh,6,0.1,2071.64,578.61
2295,2023-10-19,South,Groceries,Snacks Box,Priya Verma,10,0.1,9314.04,2772.3
2296,2023-10-19,South,Groceries,Spices Set,Priya Verma,5,0.05,6666.48,1226.87
2297,2023-10-19,South,Stationery,Marker Pack,Sneha Gupta,6,0.05,7943.49,2338.16
2298,2023-10-20,East,Clothing,T-Shirt,Vikram Rao,5,0.2,10829.33,1353.11
2299,2023-10-20,West,Groceries,Tea Pack,Karan Mehta,6,0.1,12142.86,2248.49
2300,2023-10-20,East,Electronics,Laptop,Pooja Iyer,7,0.1,7201.51,1576.97
2301,2023-10-21,West,Clothing,Shoes,Arjun Reddy,5,0.2,11049.88,3106.97
2302,2023-10-21,North,Electronics,Smartphone,Priya Verma,4,0.2,19171.91,3820.6
2303,2023-10-21,North,Groceries,Spices Set,Neha Joshi,1,0.1,3316.45,472.18
2304,2023-10-21,West,Stationery,Marker Pack,Priya Verma,9,0.15,15554.72,4565.67
2305,2023-10-21,West,Groceries,Tea Pack,Rahul Sharma,11,0.05,15477.5,4270.57
2306,2023-10-21,East,Clothing,Shoes,Arjun Reddy,4,0.0,11773.94,2153.59
2307,2023-10-22,North,Furniture,Sofa,Kavita Das,9,0.2,7086.06,950.11
2308,2023-10-22,West,Furniture,Bed Frame,Karan Mehta,4,0.2,3472.85,922.77
2309,2023-10-22,West,Furniture,Bookshelf,Divya Menon,3,0.15,3718.8,756.61
2310,2023-10-23,South,Electronics,Laptop,Rohit Kapoor,2,0.2,3519.97,945.49
2311,2023-10-23,East,Stationery,Pen Set,Anjali Nair,4,0.0,1730.5,324.44
2312,2023-10-23,South,Electronics,Tablet,Divya Menon,9,0.0,15101.08,1586.49
2313,2023-10-23,South,Groceries,Snacks Box,Amit Singh,4,0.05,2539.76,525.94
2314,2023-10-23,South,Groceries,Snacks Box,Arjun Reddy,1,0.1,286.1,36.84
2315,2023-10-23,North,Stationery,Notebook,Priya Verma,12,0.2,6872.01,1075.42
2316,2023-10-24,North,Electronics,Smart Watch,Kavita Das,6,0.05,16424.04,3255.37
2317,2023-10-24,North,Groceries,Rice Pack,Pooja Iyer,2,0.05,5806.13,1016.37
2318,2023-10-24,East,Groceries,Cooking Oil,Amit Singh,5,0.0,13425.13,3113.73
2319,2023-10-24,North,Electronics,Headphones,Anjali Nair,8,0.2,26127.1,2638.91
2320,2023-10-25,North,Furniture,Bed Frame,Rahul Sharma,13,0.0,18780.42,2690.51
2321,2023-10-25,East,Electronics,Laptop,Rahul Sharma,14,0.05,17465.98,4162.5
2322,2023-10-25,South,Clothing,Jacket,Pooja Iyer,4,0.0,3312.89,696.7
2323,2023-10-25,East,Groceries,Tea Pack,Karan Mehta,9,0.15,20919.18,3138.27
2324,2023-10-25,South,Clothing,Shoes,Priya Verma,14,0.2,8530.08,2480.14
2325,2023-10-26,West,Groceries,Tea Pack,Neha Joshi,5,0.1,7907.62,1751.21
2326,2023-10-26,West,Furniture,Bed Frame,Anjali Nair,6,0.0,4830.74,1342.41
2327,2023-10-26,East,Stationery,Marker Pack,Vikram Rao,10,0.2,7846.8,831.67
2328,2023-10-26,South,Clothing,Shoes,Sanjay Malhotra,3,0.1,1733.98,248.02
2329,2023-10-26,East,Clothing,Jeans,Sanjay Malhotra,6,0.0,2108.63,501.13
2330,2023-10-26,East,Furniture,Bookshelf,Neha Joshi,6,0.05,6087.95,1078.29
2331,2023-10-27,South,Electronics,Tablet,Vikram Rao,10,0.0,16831.91,3858.78
2332,2023-10-27,West,Clothing,Jacket,Sneha Gupta,4,0.0,9625.99,1922.6
2333,2023-10-27,East,Groceries,Rice Pack,Priya Verma,15,0.05,26866.74,4743.9
2334,2023-10-27,North,Clothing,T-Shirt,Arjun Reddy,10,0.0,43057.7,6754.6
2335,2023-10-28,North,Stationery,File Folder,Rahul Sharma,9,0.0,4975.69,1323.38
2336,2023-10-28,West,Clothing,Jacket,Anjali Nair,6,0.15,2563.56,653.51
2337,2023-10-28,West,Stationery,Notebook,Karan Mehta,5,0.15,4919.96,1122.83
2338,2023-10-28,North,Clothing,Cap,Priya Verma,4,0.05,2542.79,324.83
2339,2023-10-28,East,Groceries,Cooking Oil,Amit Singh,2,0.05,4198.98,1102.05
2340,2023-10-28,North,Electronics,Headphones,Manoj Pillai,1,0.0,913.46,146.94
2341,2023-10-29,East,Stationery,Marker Pack,Vikram Rao,3,0.05,4190.22,519.5
2342,2023-10-29,East,Furniture,Bed Frame,Manoj Pillai,7,0.15,7361.88,1504.42
2343,2023-10-29,South,Stationery,Marker Pack,Arjun Reddy,8,0.1,4085.52,1005.74
2344,2023-10-29,South,Electronics,Headphones,Sanjay Malhotra,5,0.0,5701.72,1522.98
2345,2023-10-29,South,Furniture,Office Chair,Priya Verma,16,0.0,5088.33,728.79
2346,2023-10-30,South,Groceries,Rice Pack,Anjali Nair,4,0.2,4574.42,927.63
2347,2023-10-30,East,Clothing,Shoes,Arjun Reddy,3,0.2,1514.24,190.81
2348,2023-10-30,East,Groceries,Tea Pack,Kavita Das,10,0.2,6649.54,1197.19
2349,2023-10-30,North,Clothing,Shoes,Amit Singh,5,0.2,12789.8,1655.74
2350,2023-10-30,North,Electronics,Laptop,Rahul Sharma,14,0.05,28851.58,6704.45
2351,2023-10-30,West,Clothing,Jacket,Priya Verma,13,0.0,15937.32,2073.83
2352,2023-10-31,East,Electronics,Smart Watch,Vikram Rao,6,0.0,3816.09,673.56
2353,2023-10-31,West,Furniture,Sofa,Sneha Gupta,7,0.05,6735.73,1386.97
2354,2023-10-31,West,Stationery,Marker Pack,Priya Verma,5,0.05,9734.76,1197.74
2355,2023-10-31,North,Stationery,Geometry Box,Sneha Gupta,2,0.2,1039.26,151.0
2356,2023-10-31,West,Groceries,Tea Pack,Priya Verma,8,0.1,10450.37,2687.27
2357,2023-10-31,East,Clothing,Cap,Vikram Rao,1,0.0,862.09,242.73
2358,2023-11-01,East,Furniture,Wooden Table,Anjali Nair,2,0.05,900.27,252.05
2359,2023-11-01,South,Electronics,Smart Watch,Karan Mehta,6,0.0,4254.93,650.01
2360,2023-11-01,North,Furniture,Office Chair,Neha Joshi,6,0.15,8221.21,1625.02
2361,2023-11-01,South,Groceries,Rice Pack,Rahul Sharma,6,0.2,6220.4,1661.29
2362,2023-11-01,South,Furniture,Office Chair,Priya Verma,13,0.1,6482.17,1102.98
2363,2023-11-01,East,Groceries,Snacks Box,Anjali Nair,8,0.0,19873.8,3184.32
2364,2023-11-02,West,Electronics,Headphones,Arjun Reddy,9,0.0,8370.99,1524.05
2365,2023-11-02,South,Furniture,Sofa,Pooja Iyer,1,0.05,643.01,153.78
2366,2023-11-02,West,Clothing,Jeans,Divya Menon,2,0.05,5162.36,906.28
2367,2023-11-02,North,Clothing,Cap,Manoj Pillai,8,0.2,7793.29,2198.22
2368,2023-11-02,East,Clothing,Shoes,Neha Joshi,7,0.1,7709.41,834.31
2369,2023-11-03,North,Groceries,Tea Pack,Neha Joshi,6,0.1,4624.49,470.16
2370,2023-11-03,South,Groceries,Cooking Oil,Rohit Kapoor,5,0.2,4384.94,581.1
2371,2023-11-03,West,Clothing,T-Shirt,Sanjay Malhotra,5,0.0,7438.95,1067.23
2372,2023-11-03,North,Electronics,Smart Watch,Vikram Rao,1,0.15,2286.23,610.02
2373,2023-11-03,North,Clothing,Jeans,Anjali Nair,5,0.2,13220.4,3355.03
2374,2023-11-04,North,Clothing,Jeans,Divya Menon,4,0.15,10078.04,1170.5
2375,2023-11-04,South,Electronics,Smart Watch,Manoj Pillai,6,0.05,12924.0,2939.03
2376,2023-11-04,West,Groceries,Rice Pack,Manoj Pillai,5,0.1,7628.9,1027.31
2377,2023-11-04,West,Clothing,Cap,Amit Singh,4,0.1,2339.74,493.35
2378,2023-11-05,East,Electronics,Headphones,Neha Joshi,8,0.2,7480.35,1918.57
2379,2023-11-05,West,Electronics,Laptop,Rohit Kapoor,8,0.1,15899.04,3768.59
2380,2023-11-05,East,Groceries,Snacks Box,Karan Mehta,8,0.15,19298.32,3710.23
2381,2023-11-05,North,Groceries,Rice Pack,Sanjay Malhotra,3,0.2,9454.26,2432.83
2382,2023-11-05,East,Furniture,Bed Frame,Rohit Kapoor,10,0.1,2352.54,632.88
2383,2023-11-06,West,Electronics,Smart Watch,Sanjay Malhotra,9,0.15,26106.09,3052.63
2384,2023-11-06,East,Electronics,Headphones,Neha Joshi,2,0.1,4833.44,1150.93
2385,2023-11-06,North,Electronics,Tablet,Arjun Reddy,9,0.0,42456.2,8629.34
2386,2023-11-06,West,Furniture,Wooden Table,Manoj Pillai,3,0.1,2867.41,699.16
2387,2023-11-07,West,Stationery,Pen Set,Priya Verma,5,0.0,2529.34,515.9
2388,2023-11-07,South,Furniture,Office Chair,Pooja Iyer,1,0.2,436.31,48.49
2389,2023-11-07,North,Clothing,Shoes,Pooja Iyer,3,0.05,11559.51,2419.91
2390,2023-11-08,North,Groceries,Cooking Oil,Arjun Reddy,1,0.05,929.36,231.34
2391,2023-11-08,South,Furniture,Bed Frame,Divya Menon,9,0.05,4934.79,779.73
2392,2023-11-08,North,Stationery,Marker Pack,Anjali Nair,5,0.15,6538.25,1699.76
2393,2023-11-08,West,Groceries,Tea Pack,Amit Singh,1,0.1,1224.23,260.57
2394,2023-11-08,North,Stationery,Geometry Box,Rahul Sharma,15,0.15,6068.49,1775.39
2395,2023-11-08,West,Groceries,Snacks Box,Rahul Sharma,10,0.1,13180.75,1873.72
2396,2023-11-09,North,Furniture,Wooden Table,Anjali Nair,10,0.1,11923.56,3240.02
2397,2023-11-09,South,Clothing,Jacket,Manoj Pillai,7,0.0,12956.56,2967.4
2398,2023-11-09,West,Groceries,Spices Set,Arjun Reddy,3,0.2,4709.16,948.41
2399,2023-11-09,East,Furniture,Sofa,Neha Joshi,10,0.1,9939.07,2643.57
2400,2023-11-09,North,Electronics,Smartphone,Kavita Das,3,0.05,3435.24,416.5
2401,2023-11-09,West,Clothing,Jeans,Sanjay Malhotra,4,0.0,10648.47,1435.41
2402,2023-11-10,West,Electronics,Smartphone,Neha Joshi,5,0.0,2666.85,666.68
2403,2023-11-10,West,Clothing,Cap,Arjun Reddy,1,0.05,1081.42,259.27
2404,2023-11-10,West,Furniture,Bed Frame,Rohit Kapoor,4,0.05,1984.68,372.13
2405,2023-11-10,East,Furniture,Wooden Table,Divya Menon,3,0.15,3744.54,980.08
2406,2023-11-10,South,Electronics,Tablet,Rahul Sharma,6,0.05,2021.61,563.34
2407,2023-11-10,East,Groceries,Spices Set,Rohit Kapoor,2,0.1,1411.77,347.29
2408,2023-11-11,South,Furniture,Bed Frame,Kavita Das,8,0.2,2913.6,651.76
2409,2023-11-11,South,Electronics,Smart Watch,Karan Mehta,7,0.0,11699.85,1467.61
2410,2023-11-11,East,Electronics,Smartphone,Pooja Iyer,4,0.0,11313.25,1880.08
2411,2023-11-11,South,Clothing,Jacket,Karan Mehta,6,0.0,10633.0,1399.01
2412,2023-11-11,East,Electronics,Tablet,Neha Joshi,4,0.2,13245.92,2649.31
2413,2023-11-11,West,Stationery,Notebook,Rohit Kapoor,2,0.2,1783.71,505.64
2414,2023-11-12,North,Electronics,Headphones,Karan Mehta,5,0.05,12287.59,3108.11
2415,2023-11-12,South,Furniture,Bed Frame,Kavita Das,6,0.0,2044.59,234.27
2416,2023-11-12,North,Clothing,T-Shirt,Karan Mehta,10,0.2,35432.35,9832.61
2417,2023-11-12,West,Furniture,Sofa,Divya Menon,1,0.0,210.74,42.47
2418,2023-11-12,East,Groceries,Tea Pack,Vikram Rao,4,0.0,11032.31,1161.38
2419,2023-11-13,West,Electronics,Tablet,Pooja Iyer,1,0.15,2676.28,639.87
2420,2023-11-13,West,Groceries,Spices Set,Amit Singh,2,0.15,932.41,208.05
2421,2023-11-13,East,Clothing,Jeans,Anjali Nair,7,0.0,7116.33,842.56
2422,2023-11-13,North,Furniture,Bookshelf,Divya Menon,9,0.2,2622.81,682.86
2423,2023-11-14,North,Electronics,Smartphone,Amit Singh,8,0.05,17368.56,2828.04
2424,2023-11-14,South,Clothing,Jeans,Neha Joshi,7,0.15,8240.94,1906.28
2425,2023-11-14,North,Clothing,Cap,Sneha Gupta,8,0.1,30916.83,8401.71
2426,2023-11-14,West,Clothing,Jacket,Sanjay Malhotra,9,0.1,20905.68,3111.63
2427,2023-11-15,East,Stationery,File Folder,Priya Verma,9,0.1,17343.89,5031.68
2428,2023-11-15,West,Clothing,T-Shirt,Sneha Gupta,3,0.2,2159.26,536.32
2429,2023-11-15,South,Electronics,Headphones,Divya Menon,3,0.0,8027.17,1923.86
2430,2023-11-15,West,Electronics,Smartphone,Pooja Iyer,1,0.1,1257.46,222.36
2431,2023-11-15,North,Electronics,Headphones,Kavita Das,10,0.15,29922.94,8155.63
2432,2023-11-16,West,Electronics,Laptop,Sneha Gupta,7,0.05,18412.47,3802.15
2433,2023-11-16,East,Electronics,Tablet,Sanjay Malhotra,6,0.0,24318.03,6101.29
2434,2023-11-16,East,Clothing,Cap,Sneha Gupta,1,0.1,2192.29,491.74
2435,2023-11-16,West,Electronics,Smartphone,Rohit Kapoor,7,0.1,21936.12,6308.72
2436,2023-11-16,West,Groceries,Spices Set,Divya Menon,10,0.2,7109.45,2076.39
2437,2023-11-16,West,Furniture,Wooden Table,Manoj Pillai,1,0.1,1177.32,341.65
2438,2023-11-17,South,Stationery,Geometry Box,Anjali Nair,10,0.15,1667.61,258.24
2439,2023-11-17,East,Clothing,Cap,Rahul Sharma,7,0.1,12460.8,3329.53
2440,2023-11-17,South,Groceries,Tea Pack,Rahul Sharma,13,0.0,12298.36,2410.99
2441,2023-11-18,West,Electronics,Tablet,Priya Verma,8,0.2,15227.2,2864.05
2442,2023-11-18,East,Clothing,Jacket,Kavita Das,8,0.05,7488.47,1010.19
2443,2023-11-18,North,Furniture,Office Chair,Arjun Reddy,1,0.05,1754.81,477.51
2444,2023-11-18,East,Electronics,Tablet,Divya Menon,4,0.0,16873.25,5034.88
2445,2023-11-19,North,Clothing,Cap,Divya Menon,1,0.2,1177.62,143.47
2446,2023-11-19,West,Electronics,Tablet,Priya Verma,9,0.05,13414.17,3565.86
2447,2023-11-19,West,Electronics,Smart Watch,Manoj Pillai,5,0.05,2316.47,512.85
2448,2023-11-19,East,Clothing,Shoes,Manoj Pillai,6,0.15,15639.56,2483.76
2449,2023-11-19,North,Furniture,Sofa,Rahul Sharma,8,0.05,18051.75,2188.71
2450,2023-11-20,East,Stationery,File Folder,Sanjay Malhotra,10,0.1,20023.78,3519.54
2451,2023-11-20,North,Furniture,Bookshelf,Sanjay Malhotra,2,0.0,4967.57,1482.64
2452,2023-11-20,West,Stationery,Notebook,Kavita Das,9,0.0,12379.7,2870.1
2453,2023-11-20,West,Clothing,Jacket,Sneha Gupta,10,0.1,24226.29,4015.19
2454,2023-11-21,South,Groceries,Snacks Box,Divya Menon,2,0.05,1730.75,504.55
2455,2023-11-21,West,Clothing,T-Shirt,Anjali Nair,9,0.2,3556.13,613.29
2456,2023-11-21,West,Stationery,Pen Set,Pooja Iyer,7,0.05,8666.31,2299.66
2457,2023-11-21,South,Stationery,Pen Set,Sanjay Malhotra,7,0.2,5701.91,1260.74
2458,2023-11-21,East,Clothing,Jacket,Priya Verma,6,0.15,7899.02,1699.89
2459,2023-11-22,South,Groceries,Rice Pack,Amit Singh,2,0.15,1042.8,219.94
2460,2023-11-22,West,Electronics,Laptop,Kavita Das,1,0.15,412.2,54.98
2461,2023-11-22,North,Furniture,Bed Frame,Kavita Das,9,0.15,18035.3,3081.76
2462,2023-11-22,West,Stationery,Pen Set,Divya Menon,5,0.0,4289.28,1136.42
2463,2023-11-23,North,Electronics,Smartphone,Divya Menon,6,0.15,30248.71,6841.24
2464,2023-11-23,West,Clothing,Shoes,Divya Menon,3,0.05,6265.47,1365.32
2465,2023-11-23,North,Furniture,Office Chair,Neha Joshi,10,0.1,16404.36,3128.4
2466,2023-11-23,East,Groceries,Cooking Oil,Rohit Kapoor,10,0.1,25144.71,3001.77
2467,2023-11-23,East,Groceries,Snacks Box,Rahul Sharma,17,0.2,36288.34,7317.38
2468,2023-11-24,East,Clothing,Shoes,Anjali Nair,3,0.05,1269.54,366.91
2469,2023-11-24,South,Groceries,Spices Set,Vikram Rao,10,0.2,5575.47,944.87
2470,2023-11-24,South,Electronics,Headphones,Vikram Rao,8,0.15,5592.78,748.67
2471,2023-11-24,East,Stationery,Notebook,Manoj Pillai,4,0.1,1921.23,271.6
2472,2023-11-24,South,Electronics,Tablet,Manoj Pillai,1,0.2,1275.73,177.36
2473,2023-11-24,West,Electronics,Headphones,Sneha Gupta,5,0.2,7722.28,1459.24
2474,2023-11-25,West,Clothing,T-Shirt,Divya Menon,2,0.15,4476.74,889.31
2475,2023-11-25,North,Furniture,Sofa,Divya Menon,2,0.1,3823.08,951.39
2476,2023-11-25,South,Electronics,Headphones,Amit Singh,9,0.1,7706.32,1742.59
2477,2023-11-25,North,Clothing,T-Shirt,Karan Mehta,2,0.2,2919.37,783.23
2478,2023-11-26,North,Furniture,Wooden Table,Neha Joshi,7,0.05,12112.36,1853.88
2479,2023-11-26,South,Groceries,Cooking Oil,Divya Menon,8,0.1,2864.7,650.16
2480,2023-11-26,North,Stationery,Pen Set,Rahul Sharma,14,0.0,26083.0,3696.21
2481,2023-11-27,North,Groceries,Snacks Box,Neha Joshi,7,0.2,7494.32,1272.09
2482,2023-11-27,South,Clothing,Jeans,Manoj Pillai,5,0.15,4604.8,1040.71
2483,2023-11-27,East,Stationery,Marker Pack,Vikram Rao,2,0.05,898.81,248.23
2484,2023-11-27,East,Groceries,Tea Pack,Anjali Nair,4,0.15,2041.56,393.91
2485,2023-11-28,North,Clothing,Shoes,Divya Menon,3,0.15,10325.36,2816.78
2486,2023-11-28,West,Furniture,Office Chair,Vikram Rao,5,0.2,1874.31,506.43
2487,2023-11-28,West,Electronics,Tablet,Sanjay Malhotra,6,0.1,15243.58,2778.08
2488,2023-11-28,West,Groceries,Tea Pack,Vikram Rao,1,0.1,1285.47,184.84
2489,2023-11-28,North,Clothing,Shoes,Karan Mehta,4,0.2,13440.89,2784.99
2490,2023-11-29,East,Furniture,Bed Frame,Rohit Kapoor,1,0.0,1450.31,171.21
2491,2023-11-29,East,Clothing,Cap,Priya Verma,8,0.2,5990.24,836.76
2492,2023-11-29,South,Stationery,Marker Pack,Kavita Das,4,0.1,4304.18,1214.34
2493,2023-11-30,West,Furniture,Bed Frame,Divya Menon,4,0.0,845.67,87.95
2494,2023-11-30,North,Stationery,Marker Pack,Sanjay Malhotra,8,0.0,6638.84,1064.16
2495,2023-11-30,South,Furniture,Office Chair,Vikram Rao,2,0.15,1280.45,161.64
2496,2023-11-30,East,Electronics,Smartphone,Priya Verma,17,0.15,7528.33,2002.91
2497,2023-11-30,South,Electronics,Tablet,Sanjay Malhotra,7,0.05,15400.91,4186.9
2498,2023-12-01,West,Stationery,Notebook,Vikram Rao,5,0.15,2554.03,390.39
2499,2023-12-01,West,Groceries,Snacks Box,Karan Mehta,2,0.05,4903.38,1040.49
2500,2023-12-01,West,Clothing,Cap,Rohit Kapoor,4,0.15,1148.95,229.11
2501,2023-12-01,West,Clothing,Cap,Divya Menon,2,0.15,1500.49,442.7
2502,2023-12-01,West,Furniture,Bookshelf,Anjali Nair,8,0.2,2023.0,327.97
2503,2023-12-02,North,Electronics,Tablet,Amit Singh,4,0.15,14057.11,1641.56
2504,2023-12-02,West,Stationery,Marker Pack,Rohit Kapoor,10,0.05,3093.85,614.7
2505,2023-12-02,West,Clothing,Jacket,Kavita Das,3,0.0,3417.26,728.09
2506,2023-12-02,West,Electronics,Headphones,Divya Menon,4,0.2,10408.81,2176.67
2507,2023-12-03,South,Clothing,Shoes,Divya Menon,8,0.2,7679.05,1903.92
2508,2023-12-03,North,Electronics,Smart Watch,Divya Menon,2,0.15,2378.3,244.31
2509,2023-12-03,North,Furniture,Wooden Table,Pooja Iyer,2,0.0,4678.86,931.27
2510,2023-12-03,West,Furniture,Bed Frame,Karan Mehta,7,0.0,4100.97,767.27
2511,2023-12-03,East,Clothing,Cap,Anjali Nair,10,0.1,17679.84,2354.76
2512,2023-12-04,South,Stationery,Geometry Box,Rohit Kapoor,10,0.1,6878.28,977.56
2513,2023-12-04,East,Furniture,Wooden Table,Rohit Kapoor,8,0.0,5446.09,739.82
2514,2023-12-04,West,Electronics,Smartphone,Vikram Rao,4,0.05,10987.0,2280.31
2515,2023-12-04,East,Electronics,Smartphone,Neha Joshi,8,0.2,6796.56,1156.03
2516,2023-12-04,South,Clothing,T-Shirt,Manoj Pillai,4,0.1,2564.1,723.85
2517,2023-12-05,East,Clothing,Cap,Sanjay Malhotra,7,0.1,12326.41,2814.36
2518,2023-12-05,South,Electronics,Tablet,Amit Singh,2,0.05,1825.76,278.59
2519,2023-12-05,North,Furniture,Bed Frame,Neha Joshi,7,0.1,10156.25,2749.09
2520,2023-12-05,East,Stationery,Marker Pack,Sneha Gupta,3,0.0,5680.28,1691.69
2521,2023-12-05,North,Stationery,Pen Set,Amit Singh,3,0.15,7867.16,1295.47
2522,2023-12-05,North,Furniture,Bed Frame,Sanjay Malhotra,8,0.15,12385.91,2048.85
2523,2023-12-06,South,Stationery,Marker Pack,Karan Mehta,7,0.15,3634.15,972.97
2524,2023-12-06,East,Stationery,Notebook,Manoj Pillai,10,0.05,21446.31,6200.09
2525,2023-12-06,East,Furniture,Bookshelf,Rohit Kapoor,8,0.15,8703.59,1306.48
2526,2023-12-07,West,Clothing,Jeans,Rahul Sharma,11,0.15,21713.31,5334.92
2527,2023-12-07,South,Stationery,File Folder,Manoj Pillai,4,0.15,2162.26,619.79
2528,2023-12-07,North,Furniture,Bookshelf,Anjali Nair,9,0.05,2342.7,379.7
2529,2023-12-08,East,Clothing,Cap,Manoj Pillai,1,0.2,894.46,205.23
2530,2023-12-08,West,Groceries,Rice Pack,Divya Menon,5,0.1,7933.04,2334.12
2531,2023-12-08,North,Groceries,Spices Set,Arjun Reddy,8,0.15,7578.9,1894.63
2532,2023-12-09,North,Clothing,T-Shirt,Neha Joshi,3,0.05,12044.59,1521.59
2533,2023-12-09,West,Electronics,Smartphone,Pooja Iyer,1,0.1,674.13,140.77
2534,2023-12-09,South,Stationery,Notebook,Anjali Nair,6,0.05,7595.03,1650.93
2535,2023-12-10,North,Groceries,Tea Pack,Kavita Das,1,0.0,1189.54,300.07
2536,2023-12-10,South,Clothing,T-Shirt,Amit Singh,8,0.0,5573.13,778.77
2537,2023-12-10,West,Furniture,Office Chair,Vikram Rao,5,0.2,2653.29,446.52
2538,2023-12-10,North,Stationery,Marker Pack,Priya Verma,5,0.0,4594.79,630.09
2539,2023-12-10,North,Furniture,Office Chair,Sneha Gupta,6,0.15,2303.18,563.95
2540,2023-12-11,East,Furniture,Wooden Table,Vikram Rao,1,0.15,1102.54,149.51
2541,2023-12-11,South,Stationery,Geometry Box,Karan Mehta,4,0.05,1911.69,267.34
2542,2023-12-11,East,Clothing,Shoes,Vikram Rao,2,0.15,2307.08,398.48
2543,2023-12-11,West,Furniture,Office Chair,Kavita Das,10,0.15,3257.66,696.3
2544,2023-12-12,East,Clothing,Jeans,Anjali Nair,9,0.2,19719.24,5104.5
2545,2023-12-12,North,Stationery,Pen Set,Vikram Rao,4,0.15,3958.16,1125.64
2546,2023-12-12,South,Groceries,Cooking Oil,Pooja Iyer,10,0.1,7126.19,1251.23
2547,2023-12-12,North,Clothing,T-Shirt,Arjun Reddy,6,0.0,6968.15,1359.48
2548,2023-12-12,East,Electronics,Laptop,Manoj Pillai,6,0.1,5869.46,1228.8
2549,2023-12-12,North,Groceries,Spices Set,Pooja Iyer,10,0.2,25214.29,6207.53
2550,2023-12-13,South,Clothing,Jacket,Neha Joshi,6,0.15,7256.39,1161.27
2551,2023-12-13,South,Stationery,Notebook,Karan Mehta,7,0.1,8792.9,1584.04
2552,2023-12-13,North,Furniture,Bed Frame,Amit Singh,5,0.2,10106.38,2916.39
2553,2023-12-13,South,Stationery,Pen Set,Amit Singh,6,0.0,8502.68,1376.2
2554,2023-12-13,South,Clothing,Shoes,Karan Mehta,3,0.15,514.38,66.61
2555,2023-12-13,South,Clothing,Jacket,Priya Verma,9,0.05,14925.87,1761.75
2556,2023-12-14,South,Stationery,Geometry Box,Rahul Sharma,14,0.05,7944.23,1668.02
2557,2023-12-14,West,Furniture,Bookshelf,Arjun Reddy,7,0.15,6985.42,1764.6
2558,2023-12-14,North,Groceries,Cooking Oil,Anjali Nair,3,0.15,8822.81,2466.9
2559,2023-12-14,West,Stationery,Marker Pack,Rohit Kapoor,2,0.1,2066.42,512.65
2560,2023-12-15,South,Stationery,Pen Set,Sanjay Malhotra,4,0.1,2233.2,447.29
2561,2023-12-15,North,Stationery,File Folder,Sanjay Malhotra,7,0.0,16578.19,2115.64
2562,2023-12-15,South,Electronics,Laptop,Vikram Rao,7,0.0,7751.55,1789.13
2563,2023-12-16,South,Clothing,Jacket,Karan Mehta,8,0.0,5364.04,1560.95
2564,2023-12-16,South,Furniture,Bookshelf,Arjun Reddy,9,0.0,5095.13,593.73
2565,2023-12-16,North,Groceries,Rice Pack,Amit Singh,6,0.05,15293.27,2703.82
2566,2023-12-16,West,Electronics,Smart Watch,Arjun Reddy,7,0.15,18855.27,3027.98
2567,2023-12-16,East,Electronics,Tablet,Sanjay Malhotra,8,0.2,12292.76,2393.52
2568,2023-12-16,East,Stationery,Geometry Box,Priya Verma,9,0.15,10409.56,2852.87
2569,2023-12-17,South,Electronics,Headphones,Manoj Pillai,10,0.1,6826.82,1792.5
2570,2023-12-17,West,Groceries,Rice Pack,Pooja Iyer,5,0.0,2784.97,551.21
2571,2023-12-17,East,Electronics,Tablet,Arjun Reddy,6,0.1,11505.31,2703.74
2572,2023-12-18,East,Furniture,Sofa,Anjali Nair,7,0.0,6199.85,989.1
2573,2023-12-18,North,Stationery,Notebook,Anjali Nair,1,0.2,2127.77,318.58
2574,2023-12-18,North,Stationery,Notebook,Amit Singh,3,0.15,4327.44,670.49
2575,2023-12-19,South,Stationery,File Folder,Pooja Iyer,1,0.0,573.56,61.75
2576,2023-12-19,North,Groceries,Spices Set,Divya Menon,2,0.1,7313.63,1827.34
2577,2023-12-19,West,Groceries,Rice Pack,Amit Singh,5,0.0,11347.13,2118.36
2578,2023-12-19,North,Furniture,Bed Frame,Vikram Rao,5,0.2,5869.86,1589.84
2579,2023-12-19,South,Electronics,Headphones,Neha Joshi,8,0.05,16279.86,3050.67
2580,2023-12-19,South,Clothing,Cap,Arjun Reddy,1,0.2,734.82,100.12
2581,2023-12-20,East,Electronics,Smart Watch,Sneha Gupta,1,0.15,2592.06,401.65
2582,2023-12-20,West,Stationery,Geometry Box,Priya Verma,9,0.05,2115.38,305.06
2583,2023-12-20,East,Stationery,Marker Pack,Neha Joshi,7,0.2,5214.17,927.12
2584,2023-12-20,North,Clothing,Jacket,Anjali Nair,6,0.15,5769.9,1562.9
2585,2023-12-20,West,Furniture,Bed Frame,Divya Menon,3,0.15,1343.54,143.02
2586,2023-12-21,West,Stationery,Geometry Box,Priya Verma,9,0.2,6623.1,1656.91
2587,2023-12-21,West,Groceries,Rice Pack,Amit Singh,10,0.2,5321.3,906.35
2588,2023-12-21,West,Groceries,Rice Pack,Sanjay Malhotra,5,0.2,8189.04,2439.81
2589,2023-12-22,South,Groceries,Spices Set,Kavita Das,2,0.0,1660.48,236.22
2590,2023-12-22,North,Stationery,Geometry Box,Amit Singh,3,0.15,5276.95,899.22
2591,2023-12-22,South,Groceries,Spices Set,Vikram Rao,6,0.1,6557.71,1526.94
2592,2023-12-22,East,Stationery,File Folder,Rohit Kapoor,7,0.05,13656.78,2717.24
2593,2023-12-22,West,Clothing,Shoes,Amit Singh,3,0.15,2682.84,554.1
2594,2023-12-22,East,Groceries,Cooking Oil,Arjun Reddy,2,0.15,3109.47,570.96
2595,2023-12-23,West,Furniture,Office Chair,Neha Joshi,4,0.05,3934.45,789.53
2596,2023-12-23,North,Stationery,File Folder,Divya Menon,7,0.0,9555.15,1433.16
2597,2023-12-23,West,Electronics,Headphones,Rahul Sharma,14,0.15,28339.11,7653.31
2598,2023-12-23,South,Groceries,Snacks Box,Divya Menon,4,0.05,3630.57,880.63
2599,2023-12-23,South,Clothing,Jeans,Vikram Rao,2,0.0,1146.37,220.37
2600,2023-12-23,South,Stationery,Marker Pack,Sneha Gupta,3,0.15,2042.76,249.69
2601,2023-12-24,South,Furniture,Bookshelf,Divya Menon,2,0.0,1689.87,399.49
2602,2023-12-24,West,Stationery,Marker Pack,Kavita Das,7,0.0,11987.38,3494.5
2603,2023-12-24,North,Stationery,File Folder,Divya Menon,1,0.15,1574.72,386.13
2604,2023-12-24,East,Groceries,Rice Pack,Anjali Nair,7,0.2,10970.64,2062.58
2605,2023-12-24,North,Electronics,Laptop,Kavita Das,5,0.2,20297.54,2483.54
2606,2023-12-25,East,Groceries,Snacks Box,Amit Singh,4,0.15,2889.61,345.09
2607,2023-12-25,North,Groceries,Tea Pack,Sanjay Malhotra,4,0.1,6387.98,1519.31
2608,2023-12-25,East,Groceries,Snacks Box,Neha Joshi,5,0.2,1554.32,198.96
2609,2023-12-25,East,Electronics,Laptop,Manoj Pillai,6,0.2,9027.13,1428.49
2610,2023-12-26,East,Groceries,Tea Pack,Arjun Reddy,5,0.05,10744.11,2568.02
2611,2023-12-26,South,Stationery,Geometry Box,Kavita Das,7,0.1,6174.08,651.99
2612,2023-12-26,South,Stationery,Geometry Box,Amit Singh,10,0.0,4855.46,1185.84
2613,2023-12-26,West,Groceries,Spices Set,Manoj Pillai,3,0.1,4879.93,1061.03
2614,2023-12-27,East,Groceries,Tea Pack,Arjun Reddy,3,0.2,3766.83,741.31
2615,2023-12-27,West,Electronics,Smartphone,Anjali Nair,4,0.1,4105.03,533.73
2616,2023-12-27,North,Furniture,Sofa,Pooja Iyer,8,0.2,15380.99,4326.06
2617,2023-12-27,South,Furniture,Sofa,Arjun Reddy,1,0.15,616.1,178.92
2618,2023-12-27,North,Clothing,Cap,Rohit Kapoor,9,0.0,41890.28,4657.99
2619,2023-12-28,South,Clothing,Jeans,Divya Menon,4,0.05,5482.6,1048.35
2620,2023-12-28,North,Stationery,Geometry Box,Rohit Kapoor,5,0.0,13367.88,3297.42
2621,2023-12-28,North,Furniture,Bed Frame,Vikram Rao,1,0.05,755.3,164.0
2622,2023-12-28,West,Groceries,Rice Pack,Rohit Kapoor,1,0.1,1941.57,222.53
2623,2023-12-29,North,Groceries,Rice Pack,Pooja Iyer,4,0.0,10226.44,1462.37
2624,2023-12-29,West,Clothing,Cap,Rahul Sharma,13,0.15,28291.58,6903.04
2625,2023-12-29,West,Furniture,Bed Frame,Sanjay Malhotra,10,0.15,13471.23,2025.39
2626,2023-12-29,West,Stationery,Geometry Box,Pooja Iyer,3,0.1,3197.79,648.64
2627,2023-12-29,East,Clothing,Cap,Sneha Gupta,6,0.1,12400.17,2487.63
2628,2023-12-29,West,Electronics,Laptop,Pooja Iyer,1,0.1,3246.37,655.47
2629,2023-12-30,South,Furniture,Office Chair,Sanjay Malhotra,7,0.1,1273.49,346.91
2630,2023-12-30,East,Stationery,Pen Set,Sneha Gupta,2,0.05,1304.42,261.35
2631,2023-12-30,East,Stationery,Marker Pack,Priya Verma,13,0.2,7075.6,926.33
2632,2023-12-30,South,Furniture,Bookshelf,Sanjay Malhotra,3,0.05,2020.16,265.5
2633,2023-12-30,West,Stationery,Marker Pack,Sanjay Malhotra,5,0.05,9497.06,1846.19
2634,2023-12-30,East,Clothing,Jeans,Vikram Rao,6,0.1,14779.59,2410.1
2635,2023-12-31,West,Stationery,Marker Pack,Sanjay Malhotra,7,0.0,11708.26,2117.04
2636,2023-12-31,West,Clothing,Jeans,Pooja Iyer,5,0.0,12240.62,1719.1
2637,2023-12-31,East,Clothing,Jacket,Rahul Sharma,11,0.15,24547.97,5194.69
2638,2023-12-31,South,Furniture,Bed Frame,Rohit Kapoor,8,0.1,1542.22,229.22
2639,2023-12-31,East,Groceries,Spices Set,Pooja Iyer,1,0.15,1796.83,506.31
2640,2024-01-01,South,Clothing,Cap,Neha Joshi,7,0.0,1531.9,349.16
2641,2024-01-01,East,Stationery,Geometry Box,Pooja Iyer,5,0.0,3525.69,973.69
2642,2024-01-01,North,Clothing,Shoes,Kavita Das,3,0.05,4965.86,1066.75
2643,2024-01-01,North,Groceries,Cooking Oil,Anjali Nair,10,0.2,15799.38,2403.78
2644,2024-01-01,East,Electronics,Laptop,Sanjay Malhotra,2,0.1,4361.27,751.21
2645,2024-01-01,West,Furniture,Wooden Table,Anjali Nair,8,0.05,3567.65,594.38
2646,2024-01-02,East,Stationery,Notebook,Amit Singh,2,0.15,1107.21,289.22
2647,2024-01-02,North,Stationery,Notebook,Manoj Pillai,9,0.1,1864.38,349.46
2648,2024-01-02,North,Stationery,Geometry Box,Sanjay Malhotra,9,0.15,5445.9,908.11
2649,2024-01-02,North,Electronics,Tablet,Priya Verma,16,0.0,34867.92,9388.53
2650,2024-01-02,North,Stationery,Marker Pack,Neha Joshi,4,0.0,6351.05,1182.5
2651,2024-01-03,West,Groceries,Cooking Oil,Arjun Reddy,6,0.0,2403.18,516.79
2652,2024-01-03,West,Stationery,Marker Pack,Manoj Pillai,1,0.15,638.0,64.61
2653,2024-01-03,West,Electronics,Smartphone,Sneha Gupta,6,0.15,2737.76,742.25
2654,2024-01-03,East,Stationery,Marker Pack,Arjun Reddy,4,0.2,4011.88,1117.91
2655,2024-01-03,South,Furniture,Wooden Table,Sneha Gupta,5,0.05,565.55,116.89
2656,2024-01-04,South,Stationery,Geometry Box,Priya Verma,14,0.1,9808.28,1390.44
2657,2024-01-04,East,Furniture,Bookshelf,Vikram Rao,4,0.05,3045.59,321.19
2658,2024-01-04,West,Electronics,Smart Watch,Rahul Sharma,14,0.05,13414.58,2518.04
2659,2024-01-05,South,Groceries,Spices Set,Kavita Das,2,0.0,2022.42,407.2
2660,2024-01-05,North,Furniture,Wooden Table,Priya Verma,13,0.2,6620.8,1211.78
2661,2024-01-05,South,Electronics,Tablet,Anjali Nair,8,0.1,6265.9,1810.72
2662,2024-01-05,North,Electronics,Smart Watch,Sanjay Malhotra,7,0.15,21635.53,2596.55
2663,2024-01-06,East,Electronics,Smart Watch,Kavita Das,5,0.05,11966.84,1398.81
2664,2024-01-06,West,Groceries,Rice Pack,Vikram Rao,6,0.0,2067.16,309.66
2665,2024-01-06,North,Furniture,Bed Frame,Amit Singh,3,0.15,3019.91,338.94
2666,2024-01-06,South,Clothing,Jacket,Neha Joshi,7,0.05,3631.22,489.95
2667,2024-01-06,South,Furniture,Sofa,Manoj Pillai,2,0.05,150.55,21.2
2668,2024-01-07,East,Clothing,Cap,Anjali Nair,1,0.0,736.29,204.51
2669,2024-01-07,North,Furniture,Bookshelf,Rahul Sharma,17,0.15,17117.0,3509.69
2670,2024-01-07,South,Electronics,Smartphone,Anjali Nair,4,0.0,2982.06,337.76
2671,2024-01-07,West,Groceries,Tea Pack,Kavita Das,9,0.15,2569.38,566.94
2672,2024-01-07,North,Clothing,Shoes,Pooja Iyer,5,0.05,5124.52,1065.89
2673,2024-01-07,North,Groceries,Tea Pack,Divya Menon,10,0.05,5086.96,1032.38
2674,2024-01-08,South,Electronics,Smartphone,Divya Menon,7,0.1,8827.77,1068.56
2675,2024-01-08,South,Clothing,Jeans,Divya Menon,5,0.1,3806.51,732.49
2676,2024-01-08,East,Furniture,Sofa,Karan Mehta,6,0.05,3570.5,1024.47
2677,2024-01-08,North,Groceries,Rice Pack,Sanjay Malhotra,4,0.05,1077.17,244.44
2678,2024-01-09,South,Groceries,Snacks Box,Rahul Sharma,15,0.15,7100.2,976.63
2679,2024-01-09,West,Groceries,Cooking Oil,Pooja Iyer,10,0.1,8088.87,999.49
2680,2024-01-09,East,Stationery,Geometry Box,Anjali Nair,3,0.1,1476.5,405.14
2681,2024-01-09,West,Electronics,Headphones,Sanjay Malhotra,9,0.1,2895.89,501.23
2682,2024-01-10,South,Electronics,Laptop,Pooja Iyer,2,0.0,1857.71,295.64
2683,2024-01-10,East,Clothing,Shoes,Karan Mehta,9,0.0,16127.44,4746.89
2684,2024-01-10,South,Groceries,Spices Set,Sneha Gupta,3,0.05,2366.22,330.64
2685,2024-01-11,South,Stationery,File Folder,Rohit Kapoor,1,0.2,283.81,41.46
2686,2024-01-11,South,Clothing,Jeans,Priya Verma,11,0.2,3056.72,398.63
2687,2024-01-11,West,Furniture,Sofa,Rahul Sharma,14,0.1,5180.18,1525.05
2688,2024-01-11,West,Groceries,Snacks Box,Amit Singh,5,0.0,1272.11,307.43
2689,2024-01-11,East,Furniture,Bed Frame,Neha Joshi,2,0.0,1571.78,201.28
2690,2024-01-12,South,Furniture,Bookshelf,Sanjay Malhotra,3,0.15,719.06,99.72
2691,2024-01-12,East,Electronics,Laptop,Vikram Rao,3,0.15,1356.68,336.36
2692,2024-01-12,South,Furniture,Bookshelf,Amit Singh,5,0.1,308.02,38.03
2693,2024-01-12,East,Stationery,Notebook,Sanjay Malhotra,10,0.15,3529.59,662.34
2694,2024-01-12,North,Stationery,File Folder,Pooja Iyer,3,0.0,5376.78,1348.77
2695,2024-01-12,East,Clothing,T-Shirt,Karan Mehta,5,0.0,6137.29,1136.52
2696,2024-01-13,West,Clothing,Jeans,Rohit Kapoor,2,0.0,3336.79,736.31
2697,2024-01-13,East,Furniture,Bookshelf,Kavita Das,7,0.15,905.56,109.61
2698,2024-01-13,East,Clothing,Jacket,Arjun Reddy,9,0.1,7150.31,1910.99
2699,2024-01-13,East,Electronics,Smartphone,Priya Verma,12,0.05,18018.37,3931.91
2700,2024-01-14,North,Groceries,Spices Set,Neha Joshi,10,0.15,13787.16,3778.77
2701,2024-01-14,West,Electronics,Tablet,Priya Verma,13,0.0,18319.39,5373.92
2702,2024-01-14,South,Clothing,Cap,Arjun Reddy,10,0.15,8107.44,1975.44
2703,2024-01-14,North,Clothing,Shoes,Kavita Das,8,0.2,15504.35,1666.02
2704,2024-01-14,West,Groceries,Rice Pack,Sneha Gupta,10,0.05,1757.78,508.33
2705,2024-01-15,East,Groceries,Rice Pack,Divya Menon,8,0.1,5113.34,1209.83
2706,2024-01-15,East,Furniture,Sofa,Pooja Iyer,1,0.1,464.83,138.61
2707,2024-01-15,East,Furniture,Wooden Table,Rohit Kapoor,9,0.1,6259.42,1569.01
2708,2024-01-16,West,Electronics,Headphones,Anjali Nair,10,0.2,13969.53,3733.32
2709,2024-01-16,South,Clothing,Jacket,Priya Verma,8,0.15,2968.79,676.57
2710,2024-01-16,West,Furniture,Sofa,Kavita Das,8,0.1,2648.24,496.69
2711,2024-01-16,East,Furniture,Wooden Table,Anjali Nair,1,0.0,272.98,44.25
2712,2024-01-17,South,Groceries,Spices Set,Divya Menon,2,0.05,363.64,88.12
2713,2024-01-17,West,Clothing,Jeans,Divya Menon,6,0.2,3358.07,425.15
2714,2024-01-17,West,Electronics,Headphones,Neha Joshi,10,0.0,8925.12,1293.83
2715,2024-01-17,North,Furniture,Bed Frame,Amit Singh,5,0.0,4105.81,1094.81
2716,2024-01-17,South,Furniture,Wooden Table,Pooja Iyer,4,0.05,263.62,39.21
2717,2024-01-18,West,Groceries,Tea Pack,Rohit Kapoor,9,0.2,2987.88,409.97
2718,2024-01-18,West,Stationery,Marker Pack,Divya Menon,5,0.1,4503.91,687.8
2719,2024-01-18,East,Clothing,Jeans,Anjali Nair,9,0.1,2534.76,604.89
2720,2024-01-19,South,Stationery,File Folder,Amit Singh,2,0.2,981.78,203.3
2721,2024-01-19,North,Stationery,Pen Set,Divya Menon,6,0.2,8089.55,1171.31
2722,2024-01-19,East,Stationery,Notebook,Pooja Iyer,10,0.15,6253.72,1170.93
2723,2024-01-19,South,Electronics,Tablet,Pooja Iyer,9,0.0,12723.85,2485.29
2724,2024-01-19,South,Electronics,Headphones,Priya Verma,13,0.2,5302.18,559.46
2725,2024-01-20,West,Furniture,Bookshelf,Sneha Gupta,8,0.1,3838.43,901.78
2726,2024-01-20,East,Furniture,Bed Frame,Sanjay Malhotra,9,0.15,1772.11,368.46
2727,2024-01-20,East,Electronics,Tablet,Rahul Sharma,9,0.2,3768.78,839.57
2728,2024-01-20,West,Furniture,Wooden Table,Sneha Gupta,10,0.05,7383.16,781.86
2729,2024-01-20,West,Electronics,Headphones,Priya Verma,10,0.15,11949.76,2120.97
2730,2024-01-20,West,Groceries,Tea Pack,Amit Singh,6,0.05,1613.9,276.03
2731,2024-01-21,East,Groceries,Rice Pack,Amit Singh,5,0.15,2003.1,341.01
2732,2024-01-21,North,Clothing,Shoes,Sanjay Malhotra,2,0.2,1467.19,404.74
2733,2024-01-21,North,Stationery,Notebook,Arjun Reddy,6,0.0,3033.23,887.89
2734,2024-01-21,North,Electronics,Headphones,Karan Mehta,5,0.0,15443.3,3298.93
2735,2024-01-21,East,Electronics,Laptop,Sneha Gupta,10,0.15,5646.48,811.26
2736,2024-01-21,East,Electronics,Laptop,Neha Joshi,6,0.2,3135.71,589.95
2737,2024-01-22,South,Groceries,Rice Pack,Neha Joshi,1,0.2,748.31,193.61
2738,2024-01-22,North,Clothing,Jacket,Priya Verma,10,0.05,16559.92,4637.54
2739,2024-01-22,West,Furniture,Bed Frame,Amit Singh,10,0.1,7748.65,2213.95
2740,2024-01-22,West,Groceries,Rice Pack,Arjun Reddy,9,0.0,5533.69,958.1
2741,2024-01-23,West,Furniture,Bookshelf,Rahul Sharma,12,0.0,10122.65,2653.97
2742,2024-01-23,North,Stationery,Notebook,Arjun Reddy,6,0.2,5849.92,1406.56
2743,2024-01-23,West,Stationery,Pen Set,Vikram Rao,6,0.05,3487.18,486.84
2744,2024-01-23,West,Groceries,Tea Pack,Karan Mehta,2,0.15,313.83,37.93
2745,2024-01-24,West,Clothing,Shoes,Sanjay Malhotra,5,0.0,4805.29,520.54
2746,2024-01-24,North,Clothing,Cap,Divya Menon,10,0.2,5657.29,920.61
2747,2024-01-24,North,Stationery,Notebook,Rahul Sharma,12,0.15,5520.25,609.92
2748,2024-01-24,West,Stationery,File Folder,Kavita Das,3,0.2,1265.83,303.59
2749,2024-01-24,South,Electronics,Smart Watch,Amit Singh,4,0.1,930.39,130.93
2750,2024-01-24,South,Stationery,File Folder,Rahul Sharma,9,0.15,1816.68,223.94
2751,2024-01-25,North,Furniture,Sofa,Amit Singh,7,0.05,4354.26,1165.01
2752,2024-01-25,North,Furniture,Wooden Table,Neha Joshi,4,0.2,3382.88,934.99
2753,2024-01-25,West,Stationery,Geometry Box,Sneha Gupta,5,0.15,3727.44,682.78
2754,2024-01-25,West,Groceries,Snacks Box,Kavita Das,4,0.15,1695.53,173.09
2755,2024-01-25,West,Electronics,Smart Watch,Amit Singh,4,0.0,6145.4,756.23
2756,2024-01-26,North,Furniture,Bed Frame,Anjali Nair,3,0.1,3904.23,948.75
2757,2024-01-26,West,Clothing,Cap,Vikram Rao,5,0.2,2242.82,565.63
2758,2024-01-26,West,Furniture,Office Chair,Rohit Kapoor,8,0.05,1486.07,444.5
2759,2024-01-26,West,Groceries,Rice Pack,Priya Verma,8,0.0,10333.39,1206.13
2760,2024-01-26,North,Furniture,Bookshelf,Neha Joshi,6,0.15,5874.25,1106.74
2761,2024-01-26,North,Stationery,Pen Set,Sanjay Malhotra,4,0.1,1007.97,103.66
2762,2024-01-27,East,Clothing,Jeans,Anjali Nair,8,0.05,12800.52,1424.51
2763,2024-01-27,West,Furniture,Sofa,Rohit Kapoor,2,0.05,460.17,63.9
2764,2024-01-27,West,Electronics,Smart Watch,Priya Verma,11,0.2,11550.86,1527.25
2765,2024-01-27,East,Electronics,Smartphone,Arjun Reddy,2,0.15,2425.78,251.05
2766,2024-01-28,East,Clothing,T-Shirt,Amit Singh,2,0.05,369.77,37.23
2767,2024-01-28,North,Groceries,Spices Set,Priya Verma,7,0.0,10674.07,1109.66
2768,2024-01-28,West,Stationery,Marker Pack,Vikram Rao,10,0.15,5216.62,1302.14
2769,2024-01-28,West,Stationery,Geometry Box,Anjali Nair,8,0.15,7669.18,1001.81
2770,2024-01-29,South,Furniture,Sofa,Arjun Reddy,3,0.15,1589.97,439.45
2771,2024-01-29,East,Electronics,Smart Watch,Sanjay Malhotra,5,0.05,1655.44,301.41
2772,2024-01-29,South,Groceries,Cooking Oil,Kavita Das,6,0.05,5617.92,1034.98
2773,2024-01-29,West,Groceries,Tea Pack,Pooja Iyer,7,0.15,3863.64,638.28
2774,2024-01-29,West,Furniture,Bed Frame,Sneha Gupta,4,0.05,2569.16,548.97
2775,2024-01-30,West,Stationery,Marker Pack,Anjali Nair,5,0.05,2619.69,508.34
2776,2024-01-30,West,Clothing,Cap,Karan Mehta,1,0.05,469.31,98.71
2777,2024-01-30,South,Groceries,Spices Set,Karan Mehta,3,0.15,322.09,45.51
2778,2024-01-30,South,Clothing,Cap,Sanjay Malhotra,3,0.15,1801.55,468.7
2779,2024-01-30,South,Groceries,Snacks Box,Pooja Iyer,4,0.05,3107.69,613.26
2780,2024-01-31,North,Electronics,Smartphone,Rahul Sharma,4,0.0,6001.66,976.22
2781,2024-01-31,East,Furniture,Wooden Table,Sneha Gupta,5,0.0,2150.3,606.06
2782,2024-01-31,West,Groceries,Snacks Box,Divya Menon,3,0.1,1530.45,398.63
2783,2024-02-01,South,Furniture,Bookshelf,Priya Verma,16,0.2,3743.7,787.91
2784,2024-02-01,West,Clothing,Jeans,Priya Verma,6,0.15,1597.67,203.1
2785,2024-02-01,West,Groceries,Tea Pack,Pooja Iyer,3,0.0,2861.66,851.5
2786,2024-02-01,East,Groceries,Spices Set,Neha Joshi,3,0.15,3875.26,1139.56
2787,2024-02-02,East,Electronics,Headphones,Priya Verma,11,0.05,17423.31,3113.95
2788,2024-02-02,South,Electronics,Laptop,Arjun Reddy,6,0.1,6236.01,1806.9
2789,2024-02-02,North,Clothing,Cap,Sanjay Malhotra,8,0.0,14733.47,3212.85
2790,2024-02-02,South,Clothing,Jacket,Sneha Gupta,9,0.1,9116.59,2560.45
2791,2024-02-02,North,Groceries,Snacks Box,Manoj Pillai,3,0.0,5211.51,1251.3
2792,2024-02-03,West,Groceries,Snacks Box,Rahul Sharma,10,0.15,8959.63,1883.81
2793,2024-02-03,South,Stationery,Notebook,Divya Menon,10,0.0,3098.7,433.6
2794,2024-02-03,West,Groceries,Tea Pack,Rahul Sharma,12,0.15,6233.72,1687.63
2795,2024-02-03,West,Groceries,Snacks Box,Amit Singh,6,0.1,4901.36,969.32
2796,2024-02-03,East,Electronics,Smart Watch,Manoj Pillai,2,0.1,3970.5,1108.42
2797,2024-02-04,South,Electronics,Laptop,Priya Verma,10,0.1,2224.82,579.1
2798,2024-02-04,North,Electronics,Smartphone,Divya Menon,1,0.1,3025.92,676.27
2799,2024-02-04,South,Stationery,Marker Pack,Arjun Reddy,6,0.0,3251.33,361.66
2800,2024-02-05,South,Electronics,Laptop,Priya Verma,10,0.0,7638.89,1119.98
2801,2024-02-05,North,Electronics,Smart Watch,Anjali Nair,9,0.05,17200.63,2398.8
2802,2024-02-05,West,Stationery,Pen Set,Pooja Iyer,5,0.2,4273.06,479.66
2803,2024-02-05,South,Stationery,Notebook,Priya Verma,10,0.05,2663.14,572.81
2804,2024-02-06,North,Electronics,Laptop,Amit Singh,6,0.05,5342.11,1212.98
2805,2024-02-06,East,Stationery,Marker Pack,Rohit Kapoor,5,0.05,3089.03,818.26
2806,2024-02-06,South,Stationery,Notebook,Arjun Reddy,5,0.1,2916.08,329.31
2807,2024-02-06,North,Groceries,Snacks Box,Manoj Pillai,1,0.2,1583.88,294.63
2808,2024-02-07,North,Electronics,Headphones,Neha Joshi,6,0.2,12981.13,1469.15
2809,2024-02-07,East,Clothing,Shoes,Anjali Nair,8,0.1,7314.43,1848.23
2810,2024-02-07,East,Stationery,Pen Set,Sneha Gupta,10,0.05,1767.47,301.49
2811,2024-02-07,West,Groceries,Snacks Box,Manoj Pillai,7,0.15,7975.13,1538.23
2812,2024-02-07,South,Furniture,Bookshelf,Karan Mehta,1,0.05,479.84,84.59
2813,2024-02-07,South,Groceries,Snacks Box,Rahul Sharma,11,0.05,2564.14,367.69
2814,2024-02-08,West,Groceries,Cooking Oil,Vikram Rao,6,0.05,1035.46,184.77
2815,2024-02-08,East,Stationery,Geometry Box,Sneha Gupta,4,0.15,2952.61,590.01
2816,2024-02-08,West,Furniture,Bookshelf,Arjun Reddy,1,0.1,792.31,89.83
2817,2024-02-09,West,Stationery,Geometry Box,Amit Singh,4,0.2,3692.77,962.8
2818,2024-02-09,West,Groceries,Rice Pack,Vikram Rao,3,0.1,2739.06,648.64
2819,2024-02-09,West,Stationery,Notebook,Neha Joshi,3,0.2,1032.26,252.85
2820,2024-02-09,South,Clothing,Cap,Pooja Iyer,2,0.0,1149.42,210.8
2821,2024-02-09,South,Clothing,Jeans,Manoj Pillai,6,0.15,4714.93,994.85
2822,2024-02-10,South,Furniture,Sofa,Sanjay Malhotra,10,0.05,4370.68,969.76
2823,2024-02-10,South,Groceries,Spices Set,Pooja Iyer,1,0.1,524.03,62.42
2824,2024-02-10,South,Stationery,Geometry Box,Priya Verma,17,0.15,6208.61,951.17
2825,2024-02-10,West,Groceries,Cooking Oil,Sanjay Malhotra,5,0.05,3085.86,788.6
2826,2024-02-10,West,Furniture,Wooden Table,Arjun Reddy,1,0.1,345.19,77.37
2827,2024-02-11,East,Clothing,Shoes,Anjali Nair,10,0.2,4140.3,1085.36
2828,2024-02-11,South,Stationery,File Folder,Priya Verma,9,0.0,5705.45,1167.91
2829,2024-02-11,East,Furniture,Bookshelf,Karan Mehta,1,0.1,303.81,39.13
2830,2024-02-11,North,Electronics,Smart Watch,Priya Verma,10,0.15,25829.91,4890.56
2831,2024-02-12,South,Stationery,Marker Pack,Sanjay Malhotra,6,0.0,4708.52,900.22
2832,2024-02-12,South,Stationery,Marker Pack,Vikram Rao,3,0.2,430.67,125.42
2833,2024-02-12,North,Electronics,Headphones,Rohit Kapoor,8,0.1,6237.99,1661.56
2834,2024-02-12,West,Stationery,Notebook,Arjun Reddy,7,0.1,3493.2,577.5
2835,2024-02-12,North,Clothing,Jacket,Neha Joshi,10,0.0,24984.76,2777.6
2836,2024-02-12,South,Groceries,Rice Pack,Manoj Pillai,2,0.05,467.15,95.56
2837,2024-02-13,North,Clothing,Jacket,Anjali Nair,2,0.15,1942.16,221.24
2838,2024-02-13,West,Stationery,Notebook,Rohit Kapoor,7,0.15,5246.45,1099.76
2839,2024-02-13,North,Furniture,Bookshelf,Amit Singh,2,0.1,835.08,92.95
2840,2024-02-13,North,Electronics,Laptop,Pooja Iyer,1,0.0,1131.06,165.74
2841,2024-02-14,South,Stationery,Geometry Box,Anjali Nair,7,0.15,580.83,147.01
2842,2024-02-14,West,Electronics,Smart Watch,Rohit Kapoor,2,0.0,1277.31,136.93
2843,2024-02-14,South,Stationery,Marker Pack,Rahul Sharma,11,0.0,5705.58,1151.56
2844,2024-02-14,South,Groceries,Cooking Oil,Amit Singh,9,0.0,8645.65,2151.48
2845,2024-02-15,East,Stationery,Geometry Box,Rohit Kapoor,7,0.05,7608.94,1908.58
2846,2024-02-15,East,Clothing,Jeans,Anjali Nair,5,0.15,1627.75,255.68
2847,2024-02-15,North,Groceries,Spices Set,Arjun Reddy,9,0.15,5516.6,676.0
2848,2024-02-15,West,Electronics,Laptop,Sneha Gupta,10,0.1,17434.55,4094.35
2849,2024-02-15,East,Clothing,Shoes,Rahul Sharma,9,0.2,11990.82,1719.02
2850,2024-02-16,East,Electronics,Laptop,Kavita Das,3,0.1,1944.02,562.52
2851,2024-02-16,West,Clothing,Shoes,Karan Mehta,10,0.05,14752.06,2891.92
2852,2024-02-16,East,Furniture,Office Chair,Neha Joshi,2,0.0,1748.71,391.46
2853,2024-02-17,East,Electronics,Headphones,Pooja Iyer,7,0.2,13619.32,1626.78
2854,2024-02-17,East,Furniture,Wooden Table,Karan Mehta,6,0.0,2128.78,491.16
2855,2024-02-17,East,Electronics,Smartphone,Vikram Rao,3,0.1,3478.44,996.4
2856,2024-02-18,North,Electronics,Smart Watch,Amit Singh,1,0.0,675.69,99.3
2857,2024-02-18,East,Clothing,T-Shirt,Divya Menon,10,0.15,2465.46,587.67
2858,2024-02-18,South,Electronics,Smart Watch,Arjun Reddy,7,0.0,1457.22,271.77
2859,2024-02-18,West,Groceries,Cooking Oil,Rahul Sharma,15,0.0,15753.64,3812.07
2860,2024-02-19,South,Clothing,T-Shirt,Arjun Reddy,5,0.05,1691.8,320.76
2861,2024-02-19,North,Electronics,Tablet,Kavita Das,7,0.2,20401.02,4033.39
2862,2024-02-19,South,Electronics,Headphones,Anjali Nair,2,0.2,1074.7,283.87
2863,2024-02-19,South,Clothing,Jacket,Divya Menon,9,0.2,1903.74,470.3
2864,2024-02-19,East,Groceries,Cooking Oil,Neha Joshi,7,0.1,5511.47,934.12
2865,2024-02-19,East,Furniture,Bookshelf,Arjun Reddy,9,0.15,3271.83,609.68
2866,2024-02-20,South,Clothing,Jacket,Arjun Reddy,8,0.15,6054.81,1649.09
2867,2024-02-20,South,Electronics,Headphones,Rohit Kapoor,3,0.2,1525.62,345.61
2868,2024-02-20,South,Stationery,Pen Set,Kavita Das,4,0.15,490.99,90.24
2869,2024-02-20,North,Stationery,File Folder,Rahul Sharma,14,0.0,17564.69,5039.33
2870,2024-02-20,South,Furniture,Sofa,Pooja Iyer,2,0.1,852.14,221.03
2871,2024-02-21,West,Furniture,Bed Frame,Anjali Nair,7,0.0,1935.84,442.88
2872,2024-02-21,South,Furniture,Office Chair,Manoj Pillai,9,0.0,3064.55,867.78
2873,2024-02-21,East,Furniture,Bookshelf,Vikram Rao,4,0.2,2175.42,631.55
2874,2024-02-21,South,Electronics,Smartphone,Rahul Sharma,13,0.0,5807.76,663.64
2875,2024-02-21,East,Groceries,Rice Pack,Karan Mehta,6,0.15,938.3,205.97
2876,2024-02-21,East,Groceries,Snacks Box,Sneha Gupta,5,0.15,4693.35,1332.49
2877,2024-02-22,West,Electronics,Smart Watch,Anjali Nair,6,0.0,4517.19,879.58
2878,2024-02-22,West,Stationery,Notebook,Karan Mehta,10,0.2,8682.94,2516.53
2879,2024-02-22,West,Electronics,Smart Watch,Rahul Sharma,15,0.0,18036.55,2135.7
2880,2024-02-23,North,Groceries,Tea Pack,Divya Menon,6,0.05,9305.61,1803.95
2881,2024-02-23,East,Clothing,Cap,Sanjay Malhotra,8,0.05,9162.06,1090.2
2882,2024-02-23,South,Stationery,Notebook,Manoj Pillai,9,0.15,1032.3,140.65
2883,2024-02-23,East,Stationery,Marker Pack,Sanjay Malhotra,9,0.0,3966.08,489.94
2884,2024-02-24,South,Groceries,Snacks Box,Kavita Das,3,0.0,1127.12,187.42
2885,2024-02-24,North,Furniture,Office Chair,Sneha Gupta,8,0.15,3356.47,595.64
2886,2024-02-24,South,Groceries,Rice Pack,Vikram Rao,3,0.05,1203.57,284.77
2887,2024-02-24,West,Furniture,Bookshelf,Sanjay Malhotra,2,0.0,452.33,57.17
2888,2024-02-24,North,Groceries,Tea Pack,Anjali Nair,7,0.0,13103.63,3662.96
2889,2024-02-24,East,Stationery,Notebook,Karan Mehta,8,0.0,3774.08,798.05
2890,2024-02-25,North,Electronics,Smartphone,Vikram Rao,6,0.15,8954.41,2541.75
2891,2024-02-25,South,Electronics,Smartphone,Amit Singh,2,0.2,669.21,93.22
2892,2024-02-25,East,Stationery,Geometry Box,Pooja Iyer,2,0.05,1593.21,196.24
2893,2024-02-25,North,Furniture,Wooden Table,Amit Singh,5,0.05,5583.95,994.74
2894,2024-02-25,East,Electronics,Tablet,Sanjay Malhotra,1,0.0,1441.71,220.84
2895,2024-02-25,North,Clothing,Jeans,Anjali Nair,4,0.15,7794.01,1073.5
2896,2024-02-26,West,Groceries,Cooking Oil,Priya Verma,11,0.15,8494.93,1769.33
2897,2024-02-26,North,Furniture,Wooden Table,Kavita Das,9,0.05,11393.32,1294.27
2898,2024-02-26,North,Stationery,Pen Set,Sneha Gupta,7,0.1,12073.25,3206.6
2899,2024-02-26,West,Electronics,Smart Watch,Rahul Sharma,14,0.15,3388.75,831.26
2900,2024-02-26,East,Groceries,Tea Pack,Neha Joshi,4,0.05,3392.64,983.45
2901,2024-02-26,West,Furniture,Wooden Table,Neha Joshi,9,0.1,4043.9,465.09
2902,2024-02-27,West,Electronics,Tablet,Priya Verma,9,0.0,8876.32,1386.19
2903,2024-02-27,East,Clothing,Cap,Neha Joshi,6,0.1,8680.32,1683.83
2904,2024-02-27,West,Groceries,Spices Set,Divya Menon,9,0.2,6997.68,1799.55
2905,2024-02-28,West,Clothing,T-Shirt,Divya Menon,8,0.1,6975.83,1557.52
2906,2024-02-28,North,Clothing,Jacket,Manoj Pillai,5,0.1,7977.45,1161.26
2907,2024-02-28,East,Furniture,Bed Frame,Sneha Gupta,6,0.1,1484.15,247.85
2908,2024-02-28,West,Clothing,Jacket,Neha Joshi,7,0.05,8800.34,2447.46
2909,2024-02-29,East,Furniture,Sofa,Divya Menon,9,0.2,2823.41,732.97
2910,2024-02-29,South,Electronics,Headphones,Arjun Reddy,4,0.05,3783.95,857.78
2911,2024-02-29,East,Furniture,Bookshelf,Anjali Nair,4,0.15,1836.67,283.12
2912,2024-02-29,West,Stationery,Geometry Box,Amit Singh,5,0.2,801.81,100.13
2913,2024-03-01,West,Electronics,Smartphone,Sneha Gupta,5,0.15,6168.71,1839.33
2914,2024-03-01,East,Stationery,File Folder,Karan Mehta,4,0.1,882.37,163.72
2915,2024-03-01,West,Stationery,Notebook,Pooja Iyer,7,0.15,3453.25,441.83
2916,2024-03-01,North,Clothing,T-Shirt,Rahul Sharma,9,0.1,5619.71,863.65
2917,2024-03-01,North,Groceries,Cooking Oil,Rahul Sharma,15,0.0,5235.99,1546.54
2918,2024-03-01,East,Clothing,Shoes,Sneha Gupta,4,0.05,5762.59,1233.91
2919,2024-03-02,East,Furniture,Wooden Table,Rahul Sharma,13,0.2,5045.64,677.97
2920,2024-03-02,West,Furniture,Bed Frame,Neha Joshi,1,0.05,197.17,48.92
2921,2024-03-02,East,Groceries,Rice Pack,Priya Verma,10,0.15,5334.94,1183.94
2922,2024-03-02,South,Furniture,Sofa,Priya Verma,7,0.05,3651.88,788.54
2923,2024-03-02,West,Groceries,Cooking Oil,Sneha Gupta,2,0.0,1777.19,335.58
2924,2024-03-03,West,Stationery,Marker Pack,Rahul Sharma,17,0.1,6619.03,1312.58
2925,2024-03-03,East,Clothing,T-Shirt,Pooja Iyer,9,0.2,7469.61,1407.56
2926,2024-03-03,South,Clothing,Jeans,Divya Menon,2,0.2,1952.23,462.01
2927,2024-03-03,South,Groceries,Cooking Oil,Sneha Gupta,6,0.1,3261.44,488.41
2928,2024-03-04,South,Groceries,Spices Set,Manoj Pillai,8,0.0,7465.57,1587.64
2929,2024-03-04,North,Groceries,Rice Pack,Karan Mehta,10,0.1,12222.6,1272.36
2930,2024-03-04,West,Groceries,Tea Pack,Priya Verma,12,0.1,8483.11,1470.28
2931,2024-03-04,East,Groceries,Cooking Oil,Amit Singh,4,0.2,4573.01,1005.24
2932,2024-03-04,South,Electronics,Smart Watch,Anjali Nair,1,0.05,335.26,94.94
2933,2024-03-05,North,Clothing,T-Shirt,Rohit Kapoor,5,0.15,3509.37,450.35
2934,2024-03-05,West,Clothing,Jeans,Sneha Gupta,7,0.1,3291.3,373.09
2935,2024-03-05,North,Stationery,Notebook,Neha Joshi,3,0.1,4107.82,1184.71
2936,2024-03-06,South,Electronics,Laptop,Neha Joshi,2,0.0,3102.66,477.22
2937,2024-03-06,South,Stationery,Notebook,Sanjay Malhotra,8,0.2,5223.46,1277.88
2938,2024-03-06,South,Stationery,Pen Set,Sneha Gupta,1,0.1,814.2,206.21
2939,2024-03-06,North,Stationery,File Folder,Manoj Pillai,1,0.15,482.83,52.95
2940,2024-03-07,South,Furniture,Bed Frame,Kavita Das,6,0.2,3013.33,580.01
2941,2024-03-07,West,Furniture,Office Chair,Divya Menon,4,0.05,2928.96,734.88
2942,2024-03-07,North,Groceries,Cooking Oil,Rahul Sharma,11,0.15,17267.69,4066.63
2943,2024-03-07,West,Stationery,File Folder,Divya Menon,7,0.2,4425.88,1015.61
2944,2024-03-08,West,Clothing,Cap,Manoj Pillai,7,0.05,7683.61,1536.3
2945,2024-03-08,North,Furniture,Office Chair,Neha Joshi,6,0.1,2119.02,595.09
2946,2024-03-08,West,Groceries,Snacks Box,Anjali Nair,1,0.1,920.83,230.26
2947,2024-03-08,South,Groceries,Cooking Oil,Pooja Iyer,10,0.05,8449.43,1355.24
2948,2024-03-08,South,Furniture,Office Chair,Manoj Pillai,4,0.15,868.87,156.26
2949,2024-03-09,East,Furniture,Bookshelf,Amit Singh,7,0.0,2829.72,365.34
2950,2024-03-09,North,Clothing,Jacket,Rahul Sharma,14,0.15,38547.29,10578.25
2951,2024-03-09,North,Stationery,Geometry Box,Anjali Nair,9,0.2,9776.91,2803.97
2952,2024-03-09,West,Electronics,Headphones,Anjali Nair,4,0.1,9539.61,1270.57
2953,2024-03-09,North,Furniture,Bed Frame,Vikram Rao,1,0.0,1074.52,242.99
2954,2024-03-09,East,Electronics,Smart Watch,Karan Mehta,6,0.2,7775.64,1744.5
2955,2024-03-10,East,Electronics,Tablet,Neha Joshi,2,0.15,4191.05,782.39
2956,2024-03-10,North,Stationery,File Folder,Rohit Kapoor,2,0.05,4579.4,804.07
2957,2024-03-10,West,Clothing,Jeans,Amit Singh,4,0.0,5477.36,849.82
2958,2024-03-10,South,Electronics,Smartphone,Vikram Rao,1,0.05,509.52,108.97
2959,2024-03-10,West,Furniture,Bookshelf,Rohit Kapoor,10,0.1,10171.6,1445.62
2960,2024-03-11,South,Electronics,Headphones,Divya Menon,8,0.0,4636.09,1312.14
2961,2024-03-11,South,Groceries,Rice Pack,Priya Verma,13,0.1,9964.35,2691.56
2962,2024-03-11,East,Stationery,File Folder,Rohit Kapoor,6,0.1,5207.67,1216.25
2963,2024-03-12,South,Furniture,Office Chair,Karan Mehta,8,0.1,2220.22,447.97
2964,2024-03-12,West,Groceries,Rice Pack,Neha Joshi,5,0.1,1674.49,217.0
2965,2024-03-12,South,Furniture,Wooden Table,Pooja Iyer,3,0.0,1702.69,342.53
2966,2024-03-12,West,Groceries,Tea Pack,Neha Joshi,6,0.1,1775.15,235.19
2967,2024-03-12,West,Electronics,Headphones,Manoj Pillai,1,0.15,1127.27,210.16
2968,2024-03-13,West,Electronics,Headphones,Anjali Nair,2,0.1,1601.15,441.63
2969,2024-03-13,West,Groceries,Spices Set,Sneha Gupta,7,0.15,9773.23,1537.27
2970,2024-03-13,South,Clothing,Jeans,Neha Joshi,6,0.2,3014.41,351.41
2971,2024-03-13,North,Electronics,Smartphone,Amit Singh,9,0.15,19992.02,2368.31
2972,2024-03-13,South,Electronics,Smartphone,Pooja Iyer,3,0.0,1287.79,382.14
2973,2024-03-13,East,Clothing,Cap,Priya Verma,6,0.05,11897.59,1427.64
2974,2024-03-14,North,Stationery,Notebook,Kavita Das,4,0.05,8843.95,2342.22
2975,2024-03-14,West,Electronics,Headphones,Neha Joshi,5,0.2,9726.08,1112.05
2976,2024-03-14,East,Furniture,Office Chair,Pooja Iyer,10,0.1,2740.36,699.38
2977,2024-03-15,West,Stationery,Pen Set,Divya Menon,5,0.0,3450.81,578.81
2978,2024-03-15,South,Groceries,Tea Pack,Anjali Nair,9,0.1,3835.95,924.97
2979,2024-03-15,West,Groceries,Cooking Oil,Sanjay Malhotra,5,0.1,2475.16,475.87
2980,2024-03-16,North,Electronics,Smartphone,Neha Joshi,2,0.05,1799.3,341.48
2981,2024-03-16,South,Electronics,Headphones,Sanjay Malhotra,6,0.1,6542.74,1594.65
2982,2024-03-16,West,Groceries,Rice Pack,Manoj Pillai,9,0.2,5092.95,1231.59
2983,2024-03-16,West,Electronics,Headphones,Amit Singh,7,0.05,7781.46,854.27
2984,2024-03-17,West,Furniture,Bookshelf,Pooja Iyer,7,0.1,3624.4,953.78
2985,2024-03-17,West,Clothing,Cap,Kavita Das,3,0.0,5531.75,734.81
2986,2024-03-17,East,Groceries,Rice Pack,Pooja Iyer,6,0.05,1649.74,211.28
2987,2024-03-17,West,Clothing,Jeans,Divya Menon,3,0.15,717.37,73.06
2988,2024-03-17,East,Clothing,Cap,Anjali Nair,6,0.0,2690.75,684.29
2989,2024-03-18,South,Furniture,Sofa,Arjun Reddy,9,0.1,3650.43,1014.52
2990,2024-03-18,South,Groceries,Rice Pack,Pooja Iyer,10,0.2,3756.21,1124.45
2991,2024-03-18,West,Electronics,Headphones,Anjali Nair,1,0.15,1527.12,447.47
2992,2024-03-18,North,Groceries,Tea Pack,Manoj Pillai,8,0.2,12613.81,3590.12
2993,2024-03-19,West,Clothing,Jacket,Manoj Pillai,1,0.05,1393.0,300.77
2994,2024-03-19,West,Clothing,T-Shirt,Rohit Kapoor,4,0.0,2504.83,662.03
2995,2024-03-19,South,Groceries,Rice Pack,Karan Mehta,1,0.0,1068.8,165.37
2996,2024-03-19,West,Electronics,Tablet,Kavita Das,5,0.2,7945.6,1583.77
2997,2024-03-20,East,Electronics,Laptop,Manoj Pillai,7,0.2,13285.55,1799.49
2998,2024-03-20,South,Electronics,Smart Watch,Priya Verma,9,0.05,15870.9,1902.79
2999,2024-03-20,East,Furniture,Sofa,Arjun Reddy,5,0.15,1315.59,243.77
3000,2024-03-20,South,Clothing,T-Shirt,Sanjay Malhotra,5,0.1,6422.75,1530.62
3001,2024-03-21,North,Furniture,Office Chair,Kavita Das,1,0.05,291.28,74.0
3002,2024-03-21,East,Furniture,Office Chair,Sanjay Malhotra,8,0.1,1898.73,480.76
3003,2024-03-21,West,Stationery,Notebook,Pooja Iyer,10,0.1,11039.04,1890.46
3004,2024-03-22,East,Furniture,Bookshelf,Sanjay Malhotra,4,0.2,3832.2,939.13
3005,2024-03-22,North,Electronics,Laptop,Amit Singh,6,0.05,15622.32,3716.64
3006,2024-03-22,South,Groceries,Snacks Box,Rahul Sharma,12,0.15,10785.67,1301.98
3007,2024-03-23,South,Furniture,Wooden Table,Neha Joshi,8,0.2,3858.62,437.49
3008,2024-03-23,South,Groceries,Spices Set,Sanjay Malhotra,8,0.15,3447.53,599.09
3009,2024-03-23,North,Electronics,Smart Watch,Sneha Gupta,1,0.2,1615.49,480.66
3010,2024-03-23,East,Clothing,Shoes,Divya Menon,1,0.1,1820.8,213.12
3011,2024-03-23,North,Stationery,File Folder,Rohit Kapoor,2,0.2,911.88,181.34
3012,2024-03-23,East,Electronics,Tablet,Sanjay Malhotra,1,0.1,911.26,189.01
3013,2024-03-24,East,Electronics,Smartphone,Rahul Sharma,11,0.05,23908.51,7169.11
3014,2024-03-24,East,Clothing,Shoes,Priya Verma,14,0.1,4878.18,1208.45
3015,2024-03-24,West,Electronics,Smartphone,Vikram Rao,6,0.05,12031.38,3295.41
3016,2024-03-24,North,Clothing,T-Shirt,Priya Verma,8,0.1,9814.09,1339.86
3017,2024-03-24,South,Stationery,Notebook,Sneha Gupta,1,0.1,356.0,89.76
3018,2024-03-24,North,Stationery,File Folder,Kavita Das,9,0.1,19024.78,4405.76
3019,2024-03-25,West,Electronics,Headphones,Manoj Pillai,7,0.0,13807.55,2123.73
3020,2024-03-25,North,Furniture,Office Chair,Priya Verma,16,0.0,6037.37,655.08
3021,2024-03-25,East,Groceries,Spices Set,Priya Verma,12,0.05,15124.54,4219.82
3022,2024-03-26,North,Clothing,Jeans,Amit Singh,10,0.0,23550.88,2434.43
3023,2024-03-26,South,Furniture,Wooden Table,Divya Menon,9,0.05,6606.86,667.67
3024,2024-03-26,East,Stationery,Pen Set,Pooja Iyer,9,0.05,2203.93,313.4
3025,2024-03-26,West,Furniture,Bed Frame,Vikram Rao,6,0.05,3015.52,657.85
3026,2024-03-27,East,Furniture,Bed Frame,Kavita Das,2,0.15,705.79,156.02
3027,2024-03-27,North,Electronics,Smart Watch,Neha Joshi,4,0.1,12503.47,2692.29
3028,2024-03-27,North,Furniture,Wooden Table,Divya Menon,1,0.05,1824.51,454.26
3029,2024-03-27,North,Groceries,Cooking Oil,Sneha Gupta,5,0.0,9893.16,2279.09
3030,2024-03-27,North,Electronics,Smart Watch,Priya Verma,10,0.05,22952.68,5620.26
3031,2024-03-28,East,Clothing,Shoes,Karan Mehta,9,0.1,9338.11,1310.23
3032,2024-03-28,South,Furniture,Bookshelf,Anjali Nair,4,0.05,1603.29,464.68
3033,2024-03-28,West,Electronics,Headphones,Rahul Sharma,10,0.15,5880.49,1468.15
3034,2024-03-29,South,Groceries,Rice Pack,Manoj Pillai,5,0.05,2192.75,296.92
3035,2024-03-29,North,Groceries,Spices Set,Priya Verma,18,0.15,20262.85,2935.34
3036,2024-03-29,South,Clothing,Shoes,Karan Mehta,5,0.05,3615.75,678.41
3037,2024-03-29,South,Electronics,Laptop,Arjun Reddy,8,0.15,3938.03,1140.86
3038,2024-03-29,South,Electronics,Headphones,Divya Menon,6,0.2,3082.53,369.19
3039,2024-03-30,West,Electronics,Smartphone,Neha Joshi,2,0.05,4921.68,740.32
3040,2024-03-30,South,Stationery,File Folder,Neha Joshi,9,0.05,5911.11,1746.68
3041,2024-03-30,North,Furniture,Office Chair,Anjali Nair,9,0.15,8994.19,902.05
3042,2024-03-30,South,Furniture,Office Chair,Divya Menon,5,0.15,1080.86,282.02
3043,2024-03-30,South,Groceries,Spices Set,Neha Joshi,10,0.1,2181.83,424.08
3044,2024-03-31,South,Clothing,T-Shirt,Kavita Das,6,0.1,4048.22,600.08
3045,2024-03-31,East,Groceries,Cooking Oil,Karan Mehta,9,0.0,13622.3,1643.37
3046,2024-03-31,South,Furniture,Bookshelf,Kavita Das,1,0.05,385.6,79.82
3047,2024-03-31,North,Electronics,Tablet,Pooja Iyer,3,0.05,10474.98,1505.19
3048,2024-04-01,North,Clothing,T-Shirt,Manoj Pillai,10,0.15,6308.72,984.68
3049,2024-04-01,West,Furniture,Office Chair,Anjali Nair,4,0.2,754.78,197.06
3050,2024-04-01,South,Electronics,Smart Watch,Divya Menon,5,0.2,1952.6,491.01
3051,2024-04-02,West,Furniture,Bookshelf,Manoj Pillai,6,0.0,1230.1,266.41
3052,2024-04-02,East,Electronics,Smart Watch,Divya Menon,6,0.1,13233.69,2795.71
3053,2024-04-02,South,Electronics,Smartphone,Arjun Reddy,10,0.0,13661.09,1892.18
3054,2024-04-03,South,Electronics,Laptop,Sneha Gupta,4,0.05,1625.5,312.37
3055,2024-04-03,West,Furniture,Bed Frame,Amit Singh,1,0.0,858.61,210.2
3056,2024-04-03,East,Clothing,Shoes,Amit Singh,2,0.05,2310.18,234.54
3057,2024-04-03,East,Electronics,Tablet,Amit Singh,7,0.0,3888.4,511.35
3058,2024-04-04,South,Groceries,Rice Pack,Karan Mehta,4,0.05,1677.26,342.25
3059,2024-04-04,East,Groceries,Cooking Oil,Kavita Das,10,0.2,11667.01,1669.75
3060,2024-04-04,West,Groceries,Cooking Oil,Neha Joshi,8,0.1,5255.27,1162.76
3061,2024-04-05,South,Groceries,Snacks Box,Karan Mehta,9,0.15,9293.83,2555.29
3062,2024-04-05,North,Furniture,Office Chair,Sneha Gupta,9,0.0,10568.61,1890.95
3063,2024-04-05,South,Electronics,Tablet,Amit Singh,9,0.05,13655.59,2022.35
3064,2024-04-06,North,Furniture,Bed Frame,Rohit Kapoor,2,0.1,2003.53,237.83
3065,2024-04-06,East,Clothing,Cap,Amit Singh,3,0.0,3360.69,907.55
3066,2024-04-06,South,Furniture,Wooden Table,Divya Menon,2,0.2,290.83,54.81
3067,2024-04-07,North,Clothing,Shoes,Amit Singh,5,0.1,2036.25,515.37
3068,2024-04-07,North,Electronics,Smartphone,Priya Verma,14,0.05,50534.16,10974.41
3069,2024-04-07,North,Furniture,Bookshelf,Sanjay Malhotra,2,0.15,2661.3,553.03
3070,2024-04-07,East,Electronics,Tablet,Rahul Sharma,11,0.1,11898.94,1463.94
3071,2024-04-07,East,Clothing,Jacket,Amit Singh,2,0.2,3073.18,676.31
3072,2024-04-07,West,Clothing,Shoes,Rohit Kapoor,2,0.05,1025.12,258.99
3073,2024-04-08,East,Groceries,Tea Pack,Rahul Sharma,12,0.15,11150.86,2451.43
3074,2024-04-08,North,Clothing,Jeans,Karan Mehta,6,0.1,3460.74,847.12
3075,2024-04-08,East,Stationery,Pen Set,Karan Mehta,7,0.2,1981.78,361.86
3076,2024-04-09,South,Clothing,Jacket,Arjun Reddy,1,0.1,487.92,65.4
3077,2024-04-09,West,Electronics,Tablet,Divya Menon,1,0.15,357.88,50.67
3078,2024-04-09,West,Stationery,File Folder,Rohit Kapoor,8,0.2,4081.57,1223.44
3079,2024-04-09,South,Furniture,Office Chair,Rahul Sharma,11,0.0,8025.09,1208.28
3080,2024-04-09,North,Stationery,File Folder,Divya Menon,1,0.1,1546.69,234.68
3081,2024-04-10,West,Groceries,Cooking Oil,Rohit Kapoor,4,0.15,4821.51,663.14
3082,2024-04-10,North,Groceries,Snacks Box,Sneha Gupta,3,0.0,2209.85,397.81
3083,2024-04-10,East,Furniture,Bed Frame,Neha Joshi,5,0.15,1969.72,205.13
3084,2024-04-10,West,Furniture,Sofa,Divya Menon,9,0.15,2550.78,413.01
3085,2024-04-11,North,Groceries,Rice Pack,Kavita Das,7,0.1,19409.93,4392.98
3086,2024-04-11,South,Clothing,Jacket,Sanjay Malhotra,5,0.0,1915.7,493.74
3087,2024-04-11,East,Clothing,Cap,Arjun Reddy,3,0.1,1699.61,464.15
3088,2024-04-11,North,Electronics,Smart Watch,Karan Mehta,5,0.15,16790.13,4577.27
3089,2024-04-11,North,Furniture,Office Chair,Anjali Nair,4,0.2,4526.66,922.3
3090,2024-04-12,East,Furniture,Bookshelf,Neha Joshi,1,0.1,151.71,36.01
3091,2024-04-12,North,Clothing,Jeans,Sneha Gupta,4,0.05,13174.27,3488.38
3092,2024-04-12,South,Stationery,Geometry Box,Neha Joshi,6,0.0,2840.75,410.14
3093,2024-04-12,South,Electronics,Smartphone,Priya Verma,18,0.15,17113.07,4718.4
3094,2024-04-12,North,Stationery,Notebook,Neha Joshi,4,0.05,6244.51,1412.35
3095,2024-04-13,West,Furniture,Wooden Table,Karan Mehta,6,0.05,879.11,159.41
3096,2024-04-13,North,Electronics,Smartphone,Manoj Pillai,10,0.2,21267.35,6217.3
3097,2024-04-13,West,Electronics,Smart Watch,Rohit Kapoor,7,0.2,11942.19,2446.89
3098,2024-04-13,North,Electronics,Laptop,Sneha Gupta,1,0.0,3049.56,509.03
3099,2024-04-14,North,Stationery,Pen Set,Kavita Das,10,0.2,19323.75,2876.87
3100,2024-04-14,West,Clothing,Shoes,Arjun Reddy,8,0.1,11381.33,3011.59
3101,2024-04-14,North,Groceries,Rice Pack,Manoj Pillai,10,0.05,13930.57,3091.87
3102,2024-04-14,East,Furniture,Office Chair,Priya Verma,8,0.2,1321.06,362.19
3103,2024-04-14,East,Electronics,Tablet,Vikram Rao,4,0.05,5473.9,1069.98
3104,2024-04-14,North,Stationery,Pen Set,Sanjay Malhotra,7,0.05,4370.23,1068.92
3105,2024-04-15,South,Electronics,Laptop,Pooja Iyer,5,0.1,3544.44,408.85
3106,2024-04-15,East,Electronics,Headphones,Amit Singh,9,0.2,10580.74,2639.14
3107,2024-04-15,East,Electronics,Headphones,Sneha Gupta,8,0.15,10405.89,3051.61
3108,2024-04-15,North,Stationery,Notebook,Priya Verma,6,0.15,10605.45,3051.92
3109,2024-04-16,North,Stationery,Pen Set,Anjali Nair,7,0.15,13819.79,1626.26
3110,2024-04-16,North,Groceries,Cooking Oil,Arjun Reddy,8,0.0,10065.78,2506.7
3111,2024-04-16,North,Furniture,Wooden Table,Vikram Rao,6,0.1,1541.54,286.66
3112,2024-04-16,South,Groceries,Spices Set,Priya Verma,15,0.15,7989.58,1828.26
3113,2024-04-17,South,Stationery,Geometry Box,Vikram Rao,1,0.0,330.61,92.33
3114,2024-04-17,North,Stationery,Marker Pack,Sanjay Malhotra,4,0.1,3439.45,671.99
3115,2024-04-17,South,Groceries,Rice Pack,Sneha Gupta,4,0.1,3056.31,381.51
3116,2024-04-17,North,Clothing,Shoes,Divya Menon,1,0.2,2395.1,482.56
3117,2024-04-18,East,Clothing,Cap,Amit Singh,1,0.15,1949.18,422.15
3118,2024-04-18,South,Groceries,Spices Set,Divya Menon,10,0.2,9862.65,1816.18
3119,2024-04-18,West,Clothing,Cap,Arjun Reddy,10,0.2,12898.09,3033.4
3120,2024-04-19,North,Stationery,Geometry Box,Amit Singh,9,0.1,13045.4,2965.94
3121,2024-04-19,South,Furniture,Sofa,Neha Joshi,2,0.1,167.28,33.47
3122,2024-04-19,East,Stationery,File Folder,Sanjay Malhotra,4,0.05,5755.08,700.23
3123,2024-04-19,South,Clothing,Jeans,Sanjay Malhotra,7,0.15,5169.11,1510.03
3124,2024-04-19,North,Groceries,Spices Set,Divya Menon,1,0.2,1362.56,244.71
3125,2024-04-19,North,Groceries,Tea Pack,Manoj Pillai,1,0.15,706.46,101.15
3126,2024-04-20,South,Clothing,Cap,Manoj Pillai,6,0.05,7406.57,1511.25
3127,2024-04-20,North,Clothing,T-Shirt,Manoj Pillai,6,0.15,16332.49,2018.06
3128,2024-04-20,South,Stationery,File Folder,Karan Mehta,6,0.0,3708.6,1000.56
3129,2024-04-20,South,Groceries,Spices Set,Sanjay Malhotra,6,0.2,4423.53,826.44
3130,2024-04-21,North,Stationery,Marker Pack,Neha Joshi,7,0.1,7613.39,872.2
3131,2024-04-21,South,Electronics,Tablet,Pooja Iyer,7,0.0,9620.66,2281.39
3132,2024-04-21,South,Furniture,Bed Frame,Anjali Nair,10,0.1,6896.64,1724.74
3133,2024-04-21,East,Furniture,Sofa,Karan Mehta,9,0.05,3410.09,884.09
3134,2024-04-21,East,Stationery,Geometry Box,Arjun Reddy,1,0.0,1426.79,189.55
3135,2024-04-22,North,Electronics,Tablet,Karan Mehta,10,0.15,37864.96,6734.56
3136,2024-04-22,North,Electronics,Smart Watch,Rohit Kapoor,4,0.0,3364.92,466.6
3137,2024-04-22,East,Electronics,Smartphone,Priya Verma,15,0.2,5684.65,885.95
3138,2024-04-22,East,Stationery,Notebook,Kavita Das,6,0.0,5118.86,1303.93
3139,2024-04-23,West,Groceries,Cooking Oil,Rahul Sharma,11,0.05,13377.36,1382.73
3140,2024-04-23,West,Groceries,Tea Pack,Neha Joshi,5,0.15,1987.1,482.59
3141,2024-04-23,West,Furniture,Bookshelf,Sanjay Malhotra,7,0.05,4826.68,815.27
3142,2024-04-23,North,Groceries,Tea Pack,Manoj Pillai,7,0.0,22312.23,4754.39
3143,2024-04-24,East,Electronics,Smart Watch,Manoj Pillai,9,0.2,7632.25,2244.33
3144,2024-04-24,South,Furniture,Bookshelf,Sneha Gupta,2,0.05,1420.9,231.38
3145,2024-04-24,South,Furniture,Sofa,Manoj Pillai,7,0.0,2841.79,811.14
3146,2024-04-25,North,Furniture,Wooden Table,Arjun Reddy,2,0.0,2498.56,250.09
3147,2024-04-25,North,Furniture,Bookshelf,Sneha Gupta,9,0.1,3450.36,687.14
3148,2024-04-25,East,Groceries,Rice Pack,Sneha Gupta,4,0.15,1191.68,278.35
3149,2024-04-25,East,Clothing,Jacket,Neha Joshi,1,0.05,1927.0,317.19
3150,2024-04-25,South,Groceries,Snacks Box,Rohit Kapoor,1,0.0,634.46,99.58
3151,2024-04-25,North,Furniture,Bookshelf,Sneha Gupta,5,0.0,4456.85,921.84
3152,2024-04-26,West,Groceries,Spices Set,Amit Singh,3,0.0,641.89,84.92
3153,2024-04-26,North,Groceries,Spices Set,Rohit Kapoor,3,0.0,6468.07,984.57
3154,2024-04-26,West,Furniture,Bed Frame,Rohit Kapoor,6,0.15,4685.82,1112.21
3155,2024-04-26,West,Furniture,Bookshelf,Kavita Das,4,0.2,1162.71,143.01
3156,2024-04-27,East,Groceries,Rice Pack,Anjali Nair,4,0.2,5209.64,1520.97
3157,2024-04-27,North,Groceries,Spices Set,Rohit Kapoor,7,0.15,13738.87,4106.46
3158,2024-04-27,West,Groceries,Rice Pack,Karan Mehta,8,0.05,13144.46,2676.94
3159,2024-04-27,South,Electronics,Headphones,Sanjay Malhotra,1,0.15,972.22,113.62
3160,2024-04-28,South,Furniture,Sofa,Anjali Nair,3,0.0,2323.47,547.76
3161,2024-04-28,East,Electronics,Headphones,Rohit Kapoor,8,0.0,18095.43,3275.04
3162,2024-04-28,South,Electronics,Tablet,Arjun Reddy,3,0.0,5753.66,735.02
3163,2024-04-28,West,Groceries,Spices Set,Rahul Sharma,17,0.2,15008.74,2306.9
3164,2024-04-29,East,Stationery,Notebook,Amit Singh,3,0.0,4363.56,1133.12
3165,2024-04-29,South,Stationery,Marker Pack,Divya Menon,10,0.1,5210.01,825.13
3166,2024-04-29,South,Clothing,Cap,Anjali Nair,10,0.2,6843.26,774.68
3167,2024-04-29,North,Clothing,Jacket,Pooja Iyer,9,0.2,13140.82,3443.58
3168,2024-04-29,North,Groceries,Rice Pack,Anjali Nair,3,0.05,8363.02,1508.11
3169,2024-04-29,West,Groceries,Cooking Oil,Rohit Kapoor,3,0.0,5360.93,1020.73
3170,2024-04-30,North,Stationery,Notebook,Divya Menon,8,0.15,11445.87,2271.94
3171,2024-04-30,South,Stationery,File Folder,Manoj Pillai,7,0.2,3188.66,858.08
3172,2024-04-30,South,Clothing,Cap,Neha Joshi,4,0.15,4836.58,520.59
3173,2024-04-30,East,Stationery,Notebook,Karan Mehta,3,0.05,2067.52,494.34
3174,2024-04-30,North,Clothing,Shoes,Karan Mehta,10,0.1,23000.13,4918.32
3175,2024-04-30,North,Electronics,Laptop,Vikram Rao,9,0.05,33264.89,5606.01
3176,2024-05-01,East,Clothing,Jeans,Manoj Pillai,9,0.15,9094.06,1626.14
3177,2024-05-01,South,Clothing,Cap,Vikram Rao,3,0.05,2732.84,346.03
3178,2024-05-01,East,Groceries,Cooking Oil,Kavita Das,4,0.2,6480.95,1845.48
3179,2024-05-01,North,Clothing,Shoes,Amit Singh,5,0.0,12892.43,3651.13
3180,2024-05-01,South,Stationery,Geometry Box,Divya Menon,8,0.05,7291.9,1229.93
3181,2024-05-02,South,Groceries,Spices Set,Sneha Gupta,4,0.1,2699.27,691.92
3182,2024-05-02,East,Electronics,Laptop,Kavita Das,9,0.0,17121.7,3051.84
3183,2024-05-02,East,Electronics,Smart Watch,Rohit Kapoor,5,0.15,12779.97,2705.99
3184,2024-05-02,North,Stationery,Geometry Box,Sanjay Malhotra,8,0.1,15884.51,2300.73
3185,2024-05-03,East,Stationery,Notebook,Manoj Pillai,9,0.2,2020.74,538.49
3186,2024-05-03,West,Stationery,Marker Pack,Amit Singh,1,0.05,822.2,198.1
3187,2024-05-03,South,Clothing,T-Shirt,Priya Verma,9,0.05,5564.01,918.34
3188,2024-05-03,West,Electronics,Headphones,Kavita Das,6,0.05,3192.14,784.58
3189,2024-05-04,South,Groceries,Tea Pack,Divya Menon,9,0.0,3677.71,681.3
3190,2024-05-04,East,Electronics,Smartphone,Neha Joshi,5,0.05,10883.92,2488.74
3191,2024-05-04,North,Clothing,T-Shirt,Rahul Sharma,13,0.05,22724.81,4677.73
3192,2024-05-04,North,Stationery,File Folder,Pooja Iyer,9,0.0,15193.03,4056.27
3193,2024-05-04,West,Electronics,Headphones,Anjali Nair,3,0.05,6987.23,1434.87
3194,2024-05-05,West,Furniture,Wooden Table,Manoj Pillai,6,0.2,4531.85,1186.79
3195,2024-05-05,West,Groceries,Rice Pack,Anjali Nair,10,0.2,7204.21,1807.23
3196,2024-05-05,West,Clothing,Jacket,Kavita Das,3,0.05,3237.0,542.45
3197,2024-05-05,East,Clothing,Cap,Arjun Reddy,6,0.2,5319.67,918.93
3198,2024-05-05,East,Stationery,Geometry Box,Amit Singh,9,0.05,5373.39,1197.6
3199,2024-05-06,North,Groceries,Snacks Box,Rahul Sharma,6,0.0,17565.13,2304.35
3200,2024-05-06,East,Clothing,Jeans,Neha Joshi,4,0.0,8894.56,1122.72
3201,2024-05-06,North,Clothing,Jacket,Priya Verma,10,0.0,14101.25,1505.42
3202,2024-05-07,West,Stationery,Pen Set,Arjun Reddy,2,0.1,1020.35,275.72
3203,2024-05-07,West,Groceries,Spices Set,Neha Joshi,8,0.05,7936.6,2143.42
3204,2024-05-07,South,Groceries,Tea Pack,Manoj Pillai,8,0.1,6353.86,825.63
3205,2024-05-07,North,Furniture,Sofa,Kavita Das,9,0.05,15573.67,2454.14
3206,2024-05-08,South,Furniture,Bed Frame,Sanjay Malhotra,2,0.05,402.19,45.28
3207,2024-05-08,South,Stationery,Pen Set,Manoj Pillai,1,0.1,619.31,69.24
3208,2024-05-08,North,Electronics,Tablet,Sneha Gupta,7,0.1,16724.02,2354.6
3209,2024-05-09,East,Electronics,Tablet,Amit Singh,8,0.15,12141.14,1425.59
3210,2024-05-09,West,Furniture,Wooden Table,Manoj Pillai,6,0.15,3010.69,457.83
3211,2024-05-09,East,Stationery,Geometry Box,Pooja Iyer,3,0.15,1025.07,219.61
3212,2024-05-09,North,Clothing,Jeans,Neha Joshi,2,0.2,4811.11,1303.69
3213,2024-05-09,West,Groceries,Spices Set,Sneha Gupta,2,0.15,477.35,130.7
3214,2024-05-09,West,Electronics,Smart Watch,Amit Singh,2,0.15,3482.27,486.35
3215,2024-05-10,South,Electronics,Headphones,Amit Singh,3,0.05,3440.0,734.01
3216,2024-05-10,South,Groceries,Cooking Oil,Priya Verma,14,0.1,11327.14,1303.44
3217,2024-05-10,East,Furniture,Bed Frame,Rohit Kapoor,3,0.05,3257.17,537.5
3218,2024-05-10,East,Furniture,Bed Frame,Kavita Das,9,0.05,4181.9,1204.13
3219,2024-05-11,West,Electronics,Smart Watch,Divya Menon,8,0.15,5755.46,1505.91
3220,2024-05-11,East,Furniture,Office Chair,Neha Joshi,6,0.1,5979.97,1288.81
3221,2024-05-11,West,Stationery,Notebook,Amit Singh,8,0.2,8194.69,2229.96
3222,2024-05-11,West,Electronics,Laptop,Neha Joshi,3,0.15,1183.83,131.51
3223,2024-05-11,South,Stationery,Marker Pack,Sanjay Malhotra,9,0.15,5942.24,848.83
3224,2024-05-12,South,Stationery,File Folder,Manoj Pillai,9,0.05,1934.91,204.36
3225,2024-05-12,North,Furniture,Sofa,Karan Mehta,1,0.2,423.64,45.55
3226,2024-05-12,North,Clothing,Cap,Pooja Iyer,10,0.15,17348.32,3490.19
3227,2024-05-12,West,Clothing,Jeans,Divya Menon,6,0.2,4229.77,623.3
3228,2024-05-12,West,Electronics,Smartphone,Sneha Gupta,1,0.1,2514.19,370.23
3229,2024-05-13,North,Stationery,File Folder,Anjali Nair,2,0.15,711.33,189.95
3230,2024-05-13,South,Furniture,Bed Frame,Manoj Pillai,2,0.0,1249.64,285.65
3231,2024-05-13,South,Stationery,Geometry Box,Arjun Reddy,1,0.0,387.41,75.77
3232,2024-05-13,South,Electronics,Tablet,Kavita Das,4,0.0,4827.38,1440.66
3233,2024-05-13,North,Furniture,Bed Frame,Pooja Iyer,2,0.2,3050.63,393.64
3234,2024-05-13,North,Furniture,Wooden Table,Priya Verma,12,0.05,4618.92,1315.46
3235,2024-05-14,West,Groceries,Cooking Oil,Rahul Sharma,10,0.2,12072.44,1422.7
3236,2024-05-14,North,Groceries,Tea Pack,Priya Verma,10,0.05,4281.5,1046.12
3237,2024-05-14,West,Furniture,Sofa,Arjun Reddy,9,0.15,8190.43,1143.3
3238,2024-05-14,South,Electronics,Headphones,Neha Joshi,4,0.15,2932.15,415.43
3239,2024-05-14,North,Furniture,Bookshelf,Arjun Reddy,5,0.2,1518.5,383.99
3240,2024-05-14,East,Furniture,Office Chair,Priya Verma,13,0.0,13281.78,2376.86
3241,2024-05-15,East,Electronics,Tablet,Arjun Reddy,6,0.05,4221.49,664.22
3242,2024-05-15,South,Electronics,Tablet,Sneha Gupta,6,0.1,7891.36,2114.33
3243,2024-05-15,North,Electronics,Laptop,Divya Menon,10,0.2,16134.93,4128.02
3244,2024-05-15,West,Electronics,Smartphone,Sneha Gupta,8,0.0,5191.36,717.19
3245,2024-05-16,East,Stationery,Geometry Box,Karan Mehta,5,0.05,2320.67,244.62
3246,2024-05-16,North,Furniture,Office Chair,Amit Singh,8,0.0,7546.08,1300.68
3247,2024-05-16,South,Groceries,Cooking Oil,Rohit Kapoor,8,0.1,1444.04,317.42
3248,2024-05-16,North,Groceries,Rice Pack,Karan Mehta,7,0.2,2202.57,320.78
3249,2024-05-16,South,Clothing,Cap,Arjun Reddy,2,0.1,997.4,289.83
3250,2024-05-17,North,Furniture,Sofa,Rahul Sharma,11,0.0,4585.5,791.63
3251,2024-05-17,West,Groceries,Spices Set,Manoj Pillai,8,0.1,6578.3,1693.04
3252,2024-05-17,North,Clothing,Shoes,Neha Joshi,6,0.1,6933.29,1862.98
3253,2024-05-17,South,Clothing,Shoes,Kavita Das,2,0.05,2317.85,348.19
3254,2024-05-18,North,Electronics,Smartphone,Rohit Kapoor,1,0.0,4014.6,814.31
3255,2024-05-18,North,Furniture,Office Chair,Sanjay Malhotra,7,0.2,3375.46,640.88
3256,2024-05-18,East,Electronics,Smart Watch,Amit Singh,7,0.2,2440.69,250.48
3257,2024-05-18,North,Clothing,Shoes,Priya Verma,11,0.2,4038.37,491.21
3258,2024-05-18,East,Electronics,Smart Watch,Priya Verma,10,0.2,3482.78,419.09
3259,2024-05-18,North,Groceries,Cooking Oil,Anjali Nair,2,0.0,5445.54,857.92
3260,2024-05-19,West,Clothing,Jeans,Sanjay Malhotra,7,0.05,2818.41,392.63
3261,2024-05-19,North,Stationery,Marker Pack,Amit Singh,6,0.2,10980.49,2583.42
3262,2024-05-19,West,Groceries,Tea Pack,Neha Joshi,5,0.15,1023.23,126.98
3263,2024-05-19,North,Clothing,Jeans,Arjun Reddy,4,0.2,5327.61,1409.24
3264,2024-05-19,West,Clothing,Shoes,Manoj Pillai,7,0.15,10456.69,1210.75
3265,2024-05-20,South,Furniture,Bookshelf,Rahul Sharma,7,0.0,5360.85,980.83
3266,2024-05-20,North,Clothing,Jacket,Arjun Reddy,10,0.0,28073.88,7271.72
3267,2024-05-20,North,Groceries,Spices Set,Pooja Iyer,8,0.0,24161.23,2596.61
3268,2024-05-21,South,Stationery,File Folder,Priya Verma,15,0.1,8659.2,1297.65
3269,2024-05-21,North,Clothing,Jeans,Rahul Sharma,8,0.2,14933.76,3906.17
3270,2024-05-21,East,Stationery,Marker Pack,Manoj Pillai,7,0.2,5421.54,1076.53
3271,2024-05-21,South,Electronics,Laptop,Pooja Iyer,10,0.15,11878.31,3120.82
3272,2024-05-21,West,Stationery,File Folder,Divya Menon,5,0.0,3570.47,629.83
3273,2024-05-22,South,Furniture,Bookshelf,Vikram Rao,1,0.15,352.65,54.04
3274,2024-05-22,South,Furniture,Sofa,Karan Mehta,3,0.05,1696.75,497.84
3275,2024-05-22,East,Stationery,File Folder,Manoj Pillai,2,0.2,1347.93,138.75
3276,2024-05-23,South,Groceries,Cooking Oil,Rahul Sharma,10,0.15,1612.0,425.51
3277,2024-05-23,South,Electronics,Smartphone,Karan Mehta,1,0.05,1286.9,298.37
3278,2024-05-23,East,Electronics,Tablet,Sanjay Malhotra,2,0.05,2588.15,622.1
3279,2024-05-23,West,Furniture,Office Chair,Priya Verma,15,0.0,12959.42,2601.34
3280,2024-05-23,East,Stationery,Notebook,Kavita Das,2,0.2,2514.0,700.99
3281,2024-05-24,South,Furniture,Office Chair,Pooja Iyer,6,0.2,2103.49,600.38
3282,2024-05-24,West,Stationery,Geometry Box,Pooja Iyer,1,0.2,310.47,81.46
3283,2024-05-24,East,Stationery,Notebook,Karan Mehta,8,0.1,6361.86,755.4
3284,2024-05-24,South,Furniture,Bookshelf,Neha Joshi,2,0.1,893.1,105.65
3285,2024-05-24,North,Furniture,Bed Frame,Manoj Pillai,8,0.2,4316.63,574.41
3286,2024-05-25,South,Groceries,Tea Pack,Neha Joshi,8,0.0,3540.38,770.98
3287,2024-05-25,South,Electronics,Headphones,Manoj Pillai,2,0.2,1501.25,256.6
3288,2024-05-25,North,Groceries,Spices Set,Arjun Reddy,4,0.05,6702.26,1573.95
3289,2024-05-25,South,Clothing,Shoes,Anjali Nair,2,0.15,1514.34,411.6
3290,2024-05-25,West,Furniture,Sofa,Arjun Reddy,1,0.2,851.45,204.69
3291,2024-05-25,East,Stationery,Marker Pack,Karan Mehta,9,0.05,10748.86,3086.12
3292,2024-05-26,North,Clothing,Shoes,Rohit Kapoor,5,0.05,2707.5,277.04
3293,2024-05-26,East,Electronics,Smart Watch,Amit Singh,3,0.1,5290.09,786.27
3294,2024-05-26,West,Clothing,Cap,Rohit Kapoor,3,0.0,3462.79,743.72
3295,2024-05-26,South,Clothing,Cap,Karan Mehta,9,0.2,3141.89,340.01
3296,2024-05-26,West,Furniture,Sofa,Karan Mehta,8,0.05,8590.67,2152.64
3297,2024-05-26,West,Stationery,File Folder,Priya Verma,10,0.0,10045.91,1183.77
3298,2024-05-27,South,Electronics,Tablet,Manoj Pillai,4,0.1,4879.34,1451.25
3299,2024-05-27,South,Furniture,Bookshelf,Priya Verma,10,0.05,3909.51,1090.32
3300,2024-05-27,East,Furniture,Wooden Table,Rahul Sharma,8,0.1,5449.23,981.52
3301,2024-05-28,South,Clothing,Jacket,Sanjay Malhotra,5,0.15,1398.92,174.74
3302,2024-05-28,North,Groceries,Snacks Box,Arjun Reddy,1,0.05,2261.99,349.98
3303,2024-05-28,West,Groceries,Rice Pack,Pooja Iyer,8,0.0,12086.43,1515.1
3304,2024-05-29,North,Stationery,File Folder,Manoj Pillai,1,0.15,1147.7,241.28
3305,2024-05-29,North,Clothing,T-Shirt,Pooja Iyer,5,0.15,8651.4,2587.25
3306,2024-05-29,South,Clothing,Cap,Amit Singh,7,0.15,8104.06,1695.23
3307,2024-05-29,South,Stationery,Marker Pack,Divya Menon,10,0.2,4129.32,1181.24
3308,2024-05-29,West,Stationery,Geometry Box,Divya Menon,2,0.1,1111.52,169.22
3309,2024-05-30,North,Electronics,Smartphone,Neha Joshi,3,0.2,8386.22,936.89
3310,2024-05-30,West,Clothing,Jeans,Divya Menon,7,0.0,6088.05,694.5
3311,2024-05-30,North,Groceries,Rice Pack,Sneha Gupta,10,0.2,20361.04,4297.15
3312,2024-05-30,West,Furniture,Bookshelf,Anjali Nair,4,0.15,3791.8,870.31
3313,2024-05-30,North,Stationery,File Folder,Vikram Rao,6,0.1,9044.82,1590.05
3314,2024-05-31,North,Electronics,Tablet,Arjun Reddy,10,0.1,36518.59,5833.58
3315,2024-05-31,East,Furniture,Office Chair,Vikram Rao,7,0.15,5354.11,828.79
3316,2024-05-31,West,Groceries,Tea Pack,Karan Mehta,1,0.1,1385.54,211.19
3317,2024-06-01,East,Clothing,Shoes,Kavita Das,6,0.15,9196.72,1544.9
3318,2024-06-01,North,Stationery,Marker Pack,Sanjay Malhotra,5,0.1,11529.33,1596.32
3319,2024-06-01,North,Groceries,Cooking Oil,Sneha Gupta,6,0.1,14628.41,4025.4
3320,2024-06-02,South,Groceries,Snacks Box,Divya Menon,5,0.0,1284.13,290.89
3321,2024-06-02,East,Furniture,Office Chair,Rahul Sharma,10,0.05,10414.11,1405.71
3322,2024-06-02,East,Furniture,Bookshelf,Karan Mehta,8,0.15,3252.02,412.58
3323,2024-06-02,East,Stationery,Notebook,Karan Mehta,1,0.0,287.55,44.91
3324,2024-06-03,North,Clothing,Cap,Kavita Das,5,0.2,11892.62,2710.13
3325,2024-06-03,North,Electronics,Tablet,Rahul Sharma,8,0.15,21251.6,4170.42
3326,2024-06-03,West,Stationery,Pen Set,Sneha Gupta,2,0.05,1790.72,495.13
3327,2024-06-04,West,Electronics,Headphones,Pooja Iyer,3,0.15,5910.48,1599.07
3328,2024-06-04,West,Electronics,Laptop,Divya Menon,2,0.05,802.09,165.03
3329,2024-06-04,South,Groceries,Snacks Box,Sneha Gupta,7,0.1,5952.42,1463.7
3330,2024-06-04,North,Groceries,Spices Set,Anjali Nair,3,0.1,8796.84,2547.54
3331,2024-06-04,South,Clothing,Jeans,Priya Verma,14,0.05,10519.72,1813.66
3332,2024-06-05,North,Electronics,Smart Watch,Vikram Rao,5,0.1,7963.24,1540.45
3333,2024-06-05,South,Furniture,Office Chair,Priya Verma,11,0.05,1946.03,577.86
3334,2024-06-05,East,Stationery,File Folder,Sanjay Malhotra,8,0.2,8172.55,2424.45
3335,2024-06-05,West,Groceries,Tea Pack,Sanjay Malhotra,4,0.05,5039.91,1154.2
3336,2024-06-05,South,Groceries,Cooking Oil,Rahul Sharma,12,0.2,7300.88,977.9
3337,2024-06-06,West,Clothing,T-Shirt,Arjun Reddy,9,0.0,15444.45,1752.24
3338,2024-06-06,West,Furniture,Office Chair,Vikram Rao,6,0.05,843.96,187.17
3339,2024-06-06,South,Clothing,Cap,Rohit Kapoor,3,0.1,2554.89,372.73
3340,2024-06-07,East,Electronics,Smartphone,Kavita Das,2,0.2,817.54,224.43
3341,2024-06-07,West,Groceries,Spices Set,Vikram Rao,9,0.0,14677.0,2481.41
3342,2024-06-07,South,Clothing,Jacket,Vikram Rao,6,0.1,2592.27,286.96
3343,2024-06-07,South,Stationery,Geometry Box,Divya Menon,2,0.15,1135.92,162.99
3344,2024-06-08,North,Clothing,Jeans,Arjun Reddy,10,0.0,8454.39,1617.31
3345,2024-06-08,East,Stationery,Marker Pack,Sanjay Malhotra,10,0.2,8350.97,2485.54
3346,2024-06-08,South,Stationery,Notebook,Vikram Rao,6,0.15,3293.24,416.82
3347,2024-06-09,North,Clothing,Shoes,Arjun Reddy,3,0.1,4313.97,462.83
3348,2024-06-09,North,Stationery,File Folder,Divya Menon,7,0.1,4292.92,542.8
3349,2024-06-09,South,Stationery,Pen Set,Neha Joshi,8,0.05,4499.88,664.42
3350,2024-06-09,North,Furniture,Office Chair,Arjun Reddy,9,0.15,1929.18,547.87
3351,2024-06-09,South,Stationery,Pen Set,Amit Singh,9,0.2,6976.86,1690.76
3352,2024-06-09,South,Furniture,Wooden Table,Priya Verma,5,0.0,442.31,59.78
3353,2024-06-10,North,Electronics,Tablet,Karan Mehta,8,0.15,14893.39,1624.3
3354,2024-06-10,North,Stationery,File Folder,Arjun Reddy,9,0.15,15047.41,1871.0
3355,2024-06-10,North,Clothing,Jeans,Anjali Nair,7,0.0,9165.52,2598.0
3356,2024-06-11,East,Clothing,Jeans,Arjun Reddy,2,0.2,2067.18,226.3
3357,2024-06-11,West,Clothing,Shoes,Sanjay Malhotra,9,0.05,4922.84,796.84
3358,2024-06-11,East,Electronics,Smartphone,Rahul Sharma,10,0.0,16107.2,4561.56
3359,2024-06-11,North,Clothing,Jacket,Anjali Nair,10,0.15,15270.25,1754.65
3360,2024-06-12,North,Groceries,Tea Pack,Manoj Pillai,7,0.15,6726.6,771.98
3361,2024-06-12,West,Clothing,Jacket,Kavita Das,2,0.0,3066.75,853.67
3362,2024-06-12,South,Clothing,T-Shirt,Sanjay Malhotra,8,0.2,3583.35,644.16
3363,2024-06-13,West,Electronics,Tablet,Neha Joshi,1,0.1,2040.98,514.41
3364,2024-06-13,West,Groceries,Spices Set,Sneha Gupta,5,0.2,1723.25,356.47
3365,2024-06-13,West,Furniture,Bookshelf,Neha Joshi,8,0.0,5245.45,1090.99
3366,2024-06-13,North,Groceries,Spices Set,Arjun Reddy,8,0.2,3500.83,371.53
3367,2024-06-13,West,Furniture,Sofa,Pooja Iyer,2,0.2,928.46,162.86
3368,2024-06-14,South,Electronics,Smartphone,Amit Singh,7,0.1,6254.26,1830.49
3369,2024-06-14,South,Groceries,Rice Pack,Vikram Rao,2,0.2,1808.15,456.03
3370,2024-06-14,East,Furniture,Office Chair,Sanjay Malhotra,8,0.1,3647.42,594.06
3371,2024-06-14,North,Groceries,Tea Pack,Pooja Iyer,5,0.0,11640.21,1485.22
3372,2024-06-15,West,Stationery,Pen Set,Sanjay Malhotra,2,0.0,1786.39,463.47
3373,2024-06-15,South,Clothing,T-Shirt,Neha Joshi,10,0.15,11498.25,2151.88
3374,2024-06-15,South,Furniture,Wooden Table,Neha Joshi,8,0.1,3150.6,361.97
3375,2024-06-15,North,Clothing,Jacket,Vikram Rao,3,0.0,9179.05,1554.22
3376,2024-06-15,East,Clothing,Shoes,Kavita Das,1,0.1,1022.05,205.6
3377,2024-06-16,South,Furniture,Sofa,Pooja Iyer,1,0.2,72.54,17.91
3378,2024-06-16,North,Groceries,Cooking Oil,Manoj Pillai,6,0.15,5863.37,648.3
3379,2024-06-16,South,Furniture,Wooden Table,Vikram Rao,8,0.05,3276.93,930.35
3380,2024-06-17,East,Electronics,Smartphone,Priya Verma,15,0.2,25959.33,3544.84
3381,2024-06-17,East,Groceries,Cooking Oil,Priya Verma,10,0.15,2949.52,840.14
3382,2024-06-17,East,Electronics,Smart Watch,Priya Verma,9,0.1,24205.42,5799.69
3383,2024-06-17,North,Electronics,Smartphone,Neha Joshi,6,0.0,19330.32,5195.37
3384,2024-06-17,North,Electronics,Headphones,Amit Singh,7,0.0,26837.63,2917.89
3385,2024-06-18,South,Groceries,Rice Pack,Kavita Das,10,0.05,3453.66,368.04
3386,2024-06-18,North,Groceries,Spices Set,Anjali Nair,1,0.0,3179.44,481.0
3387,2024-06-18,North,Stationery,File Folder,Sanjay Malhotra,5,0.2,7834.69,1878.96
3388,2024-06-18,South,Furniture,Bed Frame,Rohit Kapoor,8,0.15,3361.61,721.46
3389,2024-06-18,West,Clothing,Jeans,Neha Joshi,5,0.1,9037.22,2288.21
3390,2024-06-19,North,Stationery,File Folder,Manoj Pillai,3,0.15,1902.51,308.53
3391,2024-06-19,North,Furniture,Office Chair,Rahul Sharma,10,0.1,2515.89,641.39
3392,2024-06-19,West,Furniture,Wooden Table,Priya Verma,16,0.1,4793.51,824.43
3393,2024-06-19,East,Stationery,Pen Set,Anjali Nair,3,0.15,2471.64,447.68
3394,2024-06-19,East,Stationery,Marker Pack,Rahul Sharma,14,0.15,5485.42,788.84
3395,2024-06-19,East,Clothing,Cap,Rohit Kapoor,4,0.2,2759.25,373.53
3396,2024-06-20,West,Clothing,Shoes,Manoj Pillai,3,0.2,715.73,119.38
3397,2024-06-20,West,Groceries,Snacks Box,Divya Menon,1,0.15,684.91,153.4
3398,2024-06-20,East,Electronics,Headphones,Karan Mehta,3,0.05,5459.34,1342.11
3399,2024-06-20,North,Stationery,Notebook,Rohit Kapoor,6,0.1,2806.61,557.61
3400,2024-06-21,North,Stationery,Notebook,Manoj Pillai,4,0.0,10117.65,3028.78
3401,2024-06-21,West,Stationery,Marker Pack,Priya Verma,15,0.0,5200.49,1252.44
3402,2024-06-21,West,Groceries,Rice Pack,Arjun Reddy,3,0.05,3630.55,657.94
3403,2024-06-21,East,Furniture,Sofa,Kavita Das,5,0.0,4500.27,1348.47
3404,2024-06-21,North,Furniture,Wooden Table,Pooja Iyer,6,0.2,4016.09,1174.29
3405,2024-06-22,South,Groceries,Rice Pack,Priya Verma,14,0.0,7344.33,2101.21
3406,2024-06-22,East,Stationery,Geometry Box,Pooja Iyer,10,0.1,1947.33,304.76
3407,2024-06-22,West,Electronics,Smart Watch,Divya Menon,4,0.05,5602.64,1177.39
3408,2024-06-23,East,Electronics,Laptop,Arjun Reddy,2,0.0,685.13,122.32
3409,2024-06-23,South,Clothing,T-Shirt,Sneha Gupta,10,0.0,1468.66,249.15
3410,2024-06-23,North,Furniture,Bookshelf,Rahul Sharma,14,0.2,16199.86,1828.67
3411,2024-06-23,East,Stationery,Notebook,Sneha Gupta,6,0.2,5281.43,712.21
3412,2024-06-23,East,Clothing,Jeans,Manoj Pillai,6,0.2,4506.39,491.83
3413,2024-06-24,North,Electronics,Smartphone,Karan Mehta,8,0.2,30053.69,3083.8
3414,2024-06-24,North,Groceries,Spices Set,Karan Mehta,9,0.0,4950.9,878.15
3415,2024-06-24,West,Groceries,Snacks Box,Rahul Sharma,12,0.15,10675.64,2519.92
3416,2024-06-24,South,Furniture,Bed Frame,Kavita Das,5,0.1,2186.55,639.86
3417,2024-06-24,East,Furniture,Office Chair,Rahul Sharma,11,0.15,6039.28,1007.56
3418,2024-06-24,North,Furniture,Wooden Table,Arjun Reddy,6,0.0,1971.69,280.97
3419,2024-06-25,East,Clothing,Jeans,Manoj Pillai,7,0.05,5488.39,1053.09
3420,2024-06-25,East,Furniture,Bed Frame,Rahul Sharma,7,0.2,5166.48,742.77
3421,2024-06-25,South,Clothing,Jacket,Kavita Das,2,0.0,325.21,83.74
3422,2024-06-25,North,Groceries,Rice Pack,Anjali Nair,4,0.0,8910.22,2600.14
3423,2024-06-25,West,Stationery,Geometry Box,Sneha Gupta,1,0.05,1296.36,159.88
3424,2024-06-25,West,Groceries,Tea Pack,Sneha Gupta,3,0.2,4262.54,666.31
3425,2024-06-26,West,Clothing,Cap,Rohit Kapoor,9,0.15,6250.7,1332.14
3426,2024-06-26,South,Electronics,Laptop,Neha Joshi,10,0.15,6307.06,1129.27
3427,2024-06-26,South,Furniture,Bookshelf,Arjun Reddy,3,0.0,2097.27,269.07
3428,2024-06-26,East,Clothing,Cap,Amit Singh,2,0.1,2144.49,413.19
3429,2024-06-26,North,Stationery,Pen Set,Rahul Sharma,13,0.0,6251.86,1677.82
3430,2024-06-27,North,Furniture,Wooden Table,Karan Mehta,3,0.0,4062.26,900.19
3431,2024-06-27,South,Electronics,Headphones,Manoj Pillai,9,0.0,10004.0,2820.85
3432,2024-06-27,North,Clothing,Cap,Priya Verma,14,0.0,40520.33,7589.7
3433,2024-06-27,East,Clothing,Cap,Rohit Kapoor,2,0.2,3299.24,705.36
3434,2024-06-28,West,Furniture,Office Chair,Karan Mehta,9,0.2,1149.21,126.49
3435,2024-06-28,East,Furniture,Bookshelf,Rohit Kapoor,10,0.05,1920.61,568.15
3436,2024-06-28,South,Stationery,File Folder,Pooja Iyer,3,0.2,869.86,254.25
3437,2024-06-28,East,Electronics,Smartphone,Rohit Kapoor,3,0.05,6734.42,1315.6
3438,2024-06-28,North,Electronics,Laptop,Rohit Kapoor,4,0.2,5796.18,727.38
3439,2024-06-28,South,Furniture,Wooden Table,Rahul Sharma,11,0.0,3000.27,892.52
3440,2024-06-29,South,Stationery,Notebook,Priya Verma,15,0.1,8698.44,1211.32
3441,2024-06-29,North,Furniture,Office Chair,Amit Singh,1,0.05,1849.09,287.35
3442,2024-06-29,South,Furniture,Wooden Table,Amit Singh,8,0.15,2244.96,642.22
3443,2024-06-29,North,Furniture,Sofa,Divya Menon,4,0.0,7212.94,1816.66
3444,2024-06-30,West,Clothing,T-Shirt,Karan Mehta,5,0.15,2463.45,582.45
3445,2024-06-30,North,Clothing,Cap,Sneha Gupta,8,0.15,12707.48,2281.97
3446,2024-06-30,North,Stationery,File Folder,Sneha Gupta,3,0.0,5678.91,1308.15
3447,2024-07-01,West,Electronics,Smart Watch,Vikram Rao,7,0.2,2183.15,630.88
3448,2024-07-01,South,Electronics,Smartphone,Vikram Rao,4,0.2,5235.74,593.61
3449,2024-07-01,West,Groceries,Cooking Oil,Amit Singh,10,0.0,15604.94,2194.13
3450,2024-07-02,West,Groceries,Rice Pack,Rohit Kapoor,1,0.1,795.62,220.35
3451,2024-07-02,West,Groceries,Tea Pack,Sanjay Malhotra,1,0.15,501.43,89.66
3452,2024-07-02,South,Electronics,Tablet,Rohit Kapoor,7,0.1,5227.31,839.71
3453,2024-07-03,East,Clothing,T-Shirt,Pooja Iyer,7,0.15,13493.35,3197.54
3454,2024-07-03,South,Furniture,Bed Frame,Karan Mehta,6,0.0,1741.29,384.66
3455,2024-07-03,South,Groceries,Cooking Oil,Amit Singh,3,0.15,733.35,202.71
3456,2024-07-03,North,Electronics,Headphones,Amit Singh,5,0.05,19217.66,4479.5
3457,2024-07-03,East,Stationery,Geometry Box,Vikram Rao,3,0.0,3584.75,967.99
3458,2024-07-04,West,Stationery,File Folder,Priya Verma,14,0.15,4210.29,1030.98
3459,2024-07-04,North,Stationery,File Folder,Arjun Reddy,7,0.1,5027.43,1065.52
3460,2024-07-04,South,Furniture,Sofa,Pooja Iyer,3,0.1,1474.28,254.95
3461,2024-07-05,South,Furniture,Sofa,Sneha Gupta,1,0.05,125.82,30.36
3462,2024-07-05,East,Stationery,Marker Pack,Karan Mehta,1,0.1,1484.97,227.82
3463,2024-07-05,West,Groceries,Spices Set,Arjun Reddy,5,0.15,3211.77,612.5
3464,2024-07-05,East,Clothing,Jeans,Anjali Nair,4,0.15,3405.86,662.23
3465,2024-07-06,West,Groceries,Spices Set,Sanjay Malhotra,9,0.15,14041.5,1582.71
3466,2024-07-06,South,Clothing,Jeans,Priya Verma,6,0.1,2756.72,570.91
3467,2024-07-06,North,Stationery,Geometry Box,Manoj Pillai,10,0.1,13405.55,3525.03
3468,2024-07-06,South,Groceries,Spices Set,Amit Singh,6,0.1,4339.38,778.55
3469,2024-07-06,West,Furniture,Office Chair,Kavita Das,4,0.0,2315.93,685.9
3470,2024-07-07,South,Clothing,Cap,Priya Verma,10,0.05,6063.33,670.17
3471,2024-07-07,East,Stationery,File Folder,Sneha Gupta,4,0.05,6044.77,1591.68
3472,2024-07-07,East,Clothing,Jacket,Sneha Gupta,1,0.15,1197.57,172.45
3473,2024-07-07,West,Furniture,Office Chair,Manoj Pillai,1,0.0,662.05,157.07
3474,2024-07-08,West,Stationery,Geometry Box,Manoj Pillai,3,0.05,4066.57,471.23
3475,2024-07-08,West,Electronics,Tablet,Vikram Rao,6,0.05,4681.87,1231.94
3476,2024-07-08,East,Furniture,Bookshelf,Manoj Pillai,9,0.15,3217.36,864.92
3477,2024-07-09,North,Electronics,Smart Watch,Sneha Gupta,3,0.0,10861.0,1978.71
3478,2024-07-09,East,Furniture,Wooden Table,Manoj Pillai,8,0.15,4349.71,937.19
3479,2024-07-09,West,Clothing,Shoes,Sneha Gupta,4,0.15,732.38,114.05
3480,2024-07-09,North,Electronics,Headphones,Kavita Das,3,0.15,12003.06,1351.26
3481,2024-07-09,East,Clothing,Cap,Arjun Reddy,1,0.0,283.63,36.98
3482,2024-07-09,South,Furniture,Office Chair,Vikram Rao,3,0.1,1088.39,293.14
3483,2024-07-10,North,Groceries,Rice Pack,Neha Joshi,5,0.05,15408.99,3674.43
3484,2024-07-10,North,Furniture,Bookshelf,Rohit Kapoor,2,0.15,3388.0,954.35
3485,2024-07-10,South,Electronics,Laptop,Karan Mehta,10,0.1,7300.06,955.1
3486,2024-07-10,West,Furniture,Office Chair,Neha Joshi,3,0.2,2061.93,559.17
3487,2024-07-11,East,Furniture,Sofa,Neha Joshi,6,0.05,6597.31,855.48
3488,2024-07-11,South,Groceries,Cooking Oil,Divya Menon,10,0.05,11167.6,2464.44
3489,2024-07-11,South,Electronics,Headphones,Anjali Nair,8,0.05,11910.43,1728.21
3490,2024-07-11,South,Groceries,Tea Pack,Priya Verma,15,0.1,17107.63,3069.44
3491,2024-07-12,West,Electronics,Tablet,Amit Singh,7,0.2,8746.89,2553.41
3492,2024-07-12,South,Furniture,Bookshelf,Rahul Sharma,6,0.0,2537.74,454.98
3493,2024-07-12,East,Stationery,Pen Set,Manoj Pillai,9,0.2,8091.11,1105.06
3494,2024-07-13,West,Groceries,Snacks Box,Rohit Kapoor,5,0.15,4284.83,706.41
3495,2024-07-13,East,Furniture,Wooden Table,Sneha Gupta,4,0.05,1089.13,144.07
3496,2024-07-13,North,Electronics,Tablet,Vikram Rao,5,0.05,9796.23,2920.04
3497,2024-07-14,South,Furniture,Sofa,Karan Mehta,1,0.15,175.52,48.74
3498,2024-07-14,East,Furniture,Sofa,Arjun Reddy,1,0.15,340.6,95.17
3499,2024-07-14,West,Furniture,Office Chair,Kavita Das,2,0.2,273.38,49.03
3500,2024-07-14,West,Clothing,T-Shirt,Kavita Das,4,0.0,4489.4,732.0
3501,2024-07-15,North,Stationery,Geometry Box,Amit Singh,1,0.0,795.96,140.94
3502,2024-07-15,West,Electronics,Tablet,Sanjay Malhotra,5,0.15,3710.24,985.57
3503,2024-07-15,West,Clothing,Shoes,Priya Verma,9,0.1,13740.91,2367.65
3504,2024-07-15,East,Stationery,Notebook,Sanjay Malhotra,3,0.0,2174.55,403.65
3505,2024-07-15,East,Electronics,Smartphone,Neha Joshi,6,0.1,8257.31,853.65
3506,2024-07-16,West,Stationery,Pen Set,Neha Joshi,6,0.15,4592.36,787.82
3507,2024-07-16,South,Electronics,Smart Watch,Sanjay Malhotra,1,0.05,215.53,28.83
3508,2024-07-16,South,Electronics,Smartphone,Neha Joshi,8,0.0,3468.81,805.9
3509,2024-07-17,East,Electronics,Laptop,Neha Joshi,4,0.15,9803.33,2196.54
3510,2024-07-17,West,Stationery,File Folder,Arjun Reddy,8,0.15,1371.61,399.11
3511,2024-07-17,West,Furniture,Office Chair,Amit Singh,7,0.15,6131.0,896.75
3512,2024-07-17,South,Furniture,Bookshelf,Arjun Reddy,7,0.0,2808.32,471.3
3513,2024-07-18,West,Clothing,Jeans,Kavita Das,4,0.2,6086.74,1458.73
3514,2024-07-18,East,Furniture,Office Chair,Neha Joshi,2,0.15,848.09,116.76
3515,2024-07-18,East,Furniture,Wooden Table,Priya Verma,10,0.0,3057.84,348.14
3516,2024-07-18,North,Clothing,Shoes,Sanjay Malhotra,7,0.1,23012.89,4892.73
3517,2024-07-18,West,Clothing,Shoes,Rahul Sharma,8,0.0,3782.94,729.55
3518,2024-07-18,East,Clothing,Cap,Arjun Reddy,7,0.15,6333.77,1358.46
3519,2024-07-19,East,Electronics,Smart Watch,Kavita Das,4,0.15,9654.78,1789.28
3520,2024-07-19,North,Clothing,Jacket,Rahul Sharma,6,0.15,5995.17,1437.68
3521,2024-07-19,West,Furniture,Office Chair,Neha Joshi,7,0.1,4370.55,975.91
3522,2024-07-19,West,Groceries,Rice Pack,Priya Verma,18,0.1,6882.96,1211.62
3523,2024-07-19,East,Furniture,Office Chair,Divya Menon,6,0.2,3141.07,319.11
3524,2024-07-19,East,Clothing,T-Shirt,Amit Singh,9,0.05,10199.26,2395.65
3525,2024-07-20,East,Furniture,Office Chair,Kavita Das,6,0.2,2183.22,447.35
3526,2024-07-20,East,Stationery,Marker Pack,Anjali Nair,5,0.15,4938.83,738.86
3527,2024-07-20,East,Clothing,Jacket,Divya Menon,4,0.1,6138.31,1578.24
3528,2024-07-20,East,Stationery,Notebook,Karan Mehta,10,0.2,8469.61,2122.45
3529,2024-07-20,South,Clothing,Jacket,Neha Joshi,8,0.1,3127.65,863.81
3530,2024-07-20,West,Clothing,T-Shirt,Rohit Kapoor,9,0.05,4136.68,453.17
3531,2024-07-21,West,Furniture,Bed Frame,Divya Menon,8,0.05,8572.98,2004.38
3532,2024-07-21,East,Electronics,Laptop,Amit Singh,2,0.0,6287.0,1584.64
3533,2024-07-21,West,Furniture,Office Chair,Divya Menon,3,0.0,2990.38,754.58
3534,2024-07-21,West,Clothing,Jacket,Manoj Pillai,9,0.1,4629.15,1046.46
3535,2024-07-21,West,Clothing,Jacket,Pooja Iyer,10,0.05,17337.96,2169.54
3536,2024-07-22,North,Electronics,Headphones,Vikram Rao,10,0.15,36782.97,6484.85
3537,2024-07-22,North,Furniture,Bed Frame,Sneha Gupta,10,0.0,16853.22,2162.05
3538,2024-07-22,East,Electronics,Laptop,Sanjay Malhotra,2,0.05,4551.32,875.19
3539,2024-07-22,West,Clothing,Cap,Divya Menon,10,0.15,4819.34,1043.24
3540,2024-07-23,North,Stationery,Marker Pack,Sanjay Malhotra,2,0.2,2773.66,801.24
3541,2024-07-23,East,Clothing,Cap,Vikram Rao,4,0.1,6038.97,1082.85
3542,2024-07-23,South,Electronics,Smartphone,Sneha Gupta,9,0.2,6091.79,1687.45
3543,2024-07-23,East,Furniture,Wooden Table,Kavita Das,7,0.05,7872.15,1953.65
3544,2024-07-23,North,Furniture,Wooden Table,Vikram Rao,8,0.1,3822.18,693.02
3545,2024-07-23,North,Electronics,Headphones,Sneha Gupta,8,0.2,15207.77,3775.94
3546,2024-07-24,North,Electronics,Tablet,Sanjay Malhotra,6,0.05,17488.36,2730.21
3547,2024-07-24,North,Furniture,Office Chair,Arjun Reddy,8,0.15,12273.73,1385.49
3548,2024-07-24,East,Furniture,Office Chair,Vikram Rao,4,0.1,692.2,100.84
3549,2024-07-24,East,Electronics,Laptop,Amit Singh,9,0.2,21543.46,3973.15
3550,2024-07-24,East,Furniture,Bookshelf,Sanjay Malhotra,6,0.05,2004.3,253.94
3551,2024-07-24,South,Stationery,Pen Set,Rahul Sharma,9,0.0,2068.54,444.16
3552,2024-07-25,South,Furniture,Office Chair,Sneha Gupta,1,0.05,205.66,37.36
3553,2024-07-25,West,Electronics,Smartphone,Arjun Reddy,7,0.15,7269.34,1912.98
3554,2024-07-25,West,Groceries,Cooking Oil,Sanjay Malhotra,8,0.2,7891.41,1974.28
3555,2024-07-26,South,Electronics,Laptop,Vikram Rao,6,0.05,1672.2,482.12
3556,2024-07-26,South,Furniture,Bed Frame,Rohit Kapoor,5,0.15,840.57,88.94
3557,2024-07-26,East,Furniture,Office Chair,Amit Singh,9,0.1,5231.67,1513.57
3558,2024-07-26,North,Electronics,Smart Watch,Divya Menon,3,0.05,9937.64,1256.92
3559,2024-07-26,North,Clothing,T-Shirt,Pooja Iyer,7,0.1,16081.02,3365.64
3560,2024-07-27,West,Groceries,Snacks Box,Kavita Das,5,0.15,1576.92,405.79
3561,2024-07-27,South,Clothing,T-Shirt,Karan Mehta,6,0.2,2091.12,573.97
3562,2024-07-27,West,Furniture,Bookshelf,Arjun Reddy,3,0.1,1708.94,489.14
3563,2024-07-28,South,Clothing,Cap,Rahul Sharma,17,0.1,9774.44,1528.23
3564,2024-07-28,East,Stationery,Pen Set,Sneha Gupta,8,0.05,8484.09,1614.3
3565,2024-07-28,North,Furniture,Office Chair,Amit Singh,2,0.0,3934.9,487.32
3566,2024-07-28,West,Stationery,Notebook,Sneha Gupta,6,0.2,3460.75,981.62
3567,2024-07-29,North,Groceries,Rice Pack,Kavita Das,8,0.1,17422.74,4522.73
3568,2024-07-29,South,Stationery,Pen Set,Anjali Nair,2,0.2,1621.5,362.32
3569,2024-07-29,East,Furniture,Bed Frame,Anjali Nair,2,0.15,410.88,55.51
3570,2024-07-30,West,Clothing,Jeans,Sneha Gupta,9,0.15,4214.71,439.56
3571,2024-07-30,East,Furniture,Wooden Table,Priya Verma,12,0.05,6308.61,1495.27
3572,2024-07-30,East,Stationery,Marker Pack,Kavita Das,4,0.05,4890.36,490.51
3573,2024-07-30,South,Furniture,Sofa,Vikram Rao,5,0.15,2948.65,786.41
3574,2024-07-30,East,Stationery,File Folder,Pooja Iyer,9,0.2,7524.92,1250.03
3575,2024-07-30,East,Groceries,Rice Pack,Sanjay Malhotra,3,0.0,5507.23,1226.85
3576,2024-07-31,East,Electronics,Tablet,Sanjay Malhotra,6,0.05,14529.56,2755.37
3577,2024-07-31,East,Stationery,Pen Set,Karan Mehta,7,0.05,2725.55,750.97
3578,2024-07-31,East,Groceries,Cooking Oil,Vikram Rao,3,0.15,4975.62,969.42
3579,2024-07-31,South,Furniture,Sofa,Neha Joshi,3,0.0,1115.07,309.06
3580,2024-07-31,East,Stationery,Notebook,Amit Singh,10,0.05,1994.99,346.68
3581,2024-07-31,South,Furniture,Bed Frame,Vikram Rao,2,0.0,608.9,166.19
3582,2024-08-01,South,Electronics,Laptop,Neha Joshi,6,0.1,8231.36,1977.39
3583,2024-08-01,West,Furniture,Bookshelf,Sneha Gupta,8,0.05,5901.72,793.62
3584,2024-08-01,East,Furniture,Office Chair,Karan Mehta,7,0.0,3543.01,537.98
3585,2024-08-01,North,Stationery,Geometry Box,Priya Verma,8,0.05,15420.09,3561.12
3586,2024-08-01,North,Electronics,Headphones,Neha Joshi,9,0.05,31767.93,4174.52
3587,2024-08-01,North,Furniture,Wooden Table,Priya Verma,8,0.0,7045.41,1425.09
3588,2024-08-02,East,Stationery,Pen Set,Kavita Das,7,0.2,4472.95,894.15
3589,2024-08-02,West,Clothing,T-Shirt,Priya Verma,15,0.0,18112.6,3826.37
3590,2024-08-02,North,Groceries,Snacks Box,Vikram Rao,3,0.0,1400.51,248.81
3591,2024-08-03,West,Stationery,Marker Pack,Sneha Gupta,6,0.2,2878.73,712.05
3592,2024-08-03,West,Groceries,Snacks Box,Kavita Das,7,0.1,9546.84,1181.43
3593,2024-08-03,West,Furniture,Wooden Table,Vikram Rao,3,0.0,2221.17,539.68
3594,2024-08-03,West,Furniture,Wooden Table,Priya Verma,12,0.05,1499.7,169.16
3595,2024-08-03,East,Furniture,Bed Frame,Vikram Rao,9,0.05,8793.5,1077.67
3596,2024-08-03,West,Stationery,File Folder,Sanjay Malhotra,2,0.0,1592.82,355.2
3597,2024-08-04,West,Stationery,File Folder,Neha Joshi,10,0.1,8451.92,1735.76
3598,2024-08-04,South,Stationery,Pen Set,Priya Verma,15,0.0,2360.46,435.39
3599,2024-08-04,North,Furniture,Office Chair,Rahul Sharma,9,0.1,15461.35,2044.9
3600,2024-08-04,East,Furniture,Bed Frame,Karan Mehta,4,0.0,521.46,118.04
3601,2024-08-05,South,Clothing,Jeans,Manoj Pillai,9,0.05,7272.93,730.07
3602,2024-08-05,East,Stationery,Pen Set,Manoj Pillai,7,0.2,2387.98,610.54
3603,2024-08-05,North,Electronics,Smart Watch,Karan Mehta,9,0.15,9589.58,1836.19
3604,2024-08-05,West,Furniture,Wooden Table,Amit Singh,9,0.05,8711.99,1745.19
3605,2024-08-05,West,Furniture,Wooden Table,Kavita Das,8,0.15,7055.22,823.06
3606,2024-08-06,North,Stationery,Marker Pack,Amit Singh,7,0.15,3121.1,583.05
3607,2024-08-06,East,Electronics,Smartphone,Priya Verma,8,0.05,16696.75,2341.3
3608,2024-08-06,South,Stationery,Pen Set,Priya Verma,13,0.2,8198.32,1392.61
3609,2024-08-06,South,Groceries,Spices Set,Divya Menon,2,0.2,1100.7,265.98
3610,2024-08-06,North,Groceries,Tea Pack,Pooja Iyer,7,0.0,16196.79,2988.28
3611,2024-08-07,South,Electronics,Tablet,Rohit Kapoor,2,0.1,1132.42,130.24
3612,2024-08-07,South,Groceries,Spices Set,Pooja Iyer,7,0.0,4682.68,939.5
3613,2024-08-07,North,Clothing,Cap,Karan Mehta,10,0.2,20164.11,4198.24
3614,2024-08-07,East,Clothing,Shoes,Amit Singh,1,0.05,1604.94,281.46
3615,2024-08-07,West,Stationery,Marker Pack,Sanjay Malhotra,3,0.2,3220.78,692.3
3616,2024-08-08,South,Clothing,Shoes,Sneha Gupta,5,0.2,3183.22,678.35
3617,2024-08-08,South,Clothing,Jacket,Sneha Gupta,10,0.1,9061.07,2044.67
3618,2024-08-08,North,Groceries,Snacks Box,Manoj Pillai,3,0.2,7091.45,741.02
3619,2024-08-09,West,Furniture,Bed Frame,Karan Mehta,7,0.2,6317.71,1016.54
3620,2024-08-09,West,Stationery,File Folder,Karan Mehta,8,0.0,7371.3,1552.76
3621,2024-08-09,West,Clothing,Shoes,Vikram Rao,9,0.1,12138.53,3278.88
3622,2024-08-09,East,Groceries,Snacks Box,Priya Verma,16,0.05,26252.76,7072.39
3623,2024-08-09,North,Groceries,Tea Pack,Sneha Gupta,5,0.15,8134.18,1838.18
3624,2024-08-10,West,Stationery,File Folder,Sanjay Malhotra,9,0.0,13646.04,2164.17
3625,2024-08-10,North,Clothing,Jacket,Anjali Nair,1,0.2,742.5,169.29
3626,2024-08-10,West,Electronics,Headphones,Amit Singh,2,0.0,1411.46,180.54
3627,2024-08-10,West,Electronics,Smart Watch,Karan Mehta,5,0.2,7314.77,821.02
3628,2024-08-11,East,Stationery,Geometry Box,Anjali Nair,9,0.0,11992.51,1200.56
3629,2024-08-11,South,Electronics,Headphones,Pooja Iyer,5,0.2,4648.48,1040.19
3630,2024-08-11,West,Clothing,T-Shirt,Rohit Kapoor,6,0.15,10507.89,1547.94
3631,2024-08-11,South,Groceries,Snacks Box,Manoj Pillai,1,0.0,130.74,14.27
3632,2024-08-12,West,Groceries,Rice Pack,Neha Joshi,10,0.1,11637.31,1203.97
3633,2024-08-12,East,Groceries,Snacks Box,Priya Verma,13,0.1,19423.29,5148.99
3634,2024-08-12,East,Groceries,Tea Pack,Neha Joshi,1,0.2,1318.89,372.98
3635,2024-08-12,North,Electronics,Tablet,Pooja Iyer,3,0.15,11494.1,2996.85
3636,2024-08-12,North,Electronics,Laptop,Karan Mehta,6,0.0,4338.91,669.39
3637,2024-08-13,East,Clothing,Jeans,Neha Joshi,10,0.0,10488.67,1624.19
3638,2024-08-13,East,Groceries,Spices Set,Manoj Pillai,7,0.1,3285.69,946.28
3639,2024-08-13,West,Furniture,Wooden Table,Priya Verma,12,0.1,8004.69,2196.88
3640,2024-08-13,South,Clothing,Shoes,Sanjay Malhotra,3,0.05,3851.54,524.43
3641,2024-08-13,North,Clothing,Jeans,Sneha Gupta,5,0.15,12840.48,1948.21
3642,2024-08-14,West,Groceries,Snacks Box,Rohit Kapoor,5,0.1,3720.35,537.84
3643,2024-08-14,West,Clothing,Jeans,Priya Verma,7,0.2,3542.82,700.84
3644,2024-08-14,North,Furniture,Sofa,Anjali Nair,6,0.05,2209.98,531.07
3645,2024-08-14,North,Electronics,Laptop,Karan Mehta,3,0.05,13733.47,3929.2
3646,2024-08-14,North,Groceries,Cooking Oil,Manoj Pillai,3,0.15,4692.03,868.59
3647,2024-08-15,South,Stationery,Geometry Box,Rohit Kapoor,6,0.1,3362.46,451.22
3648,2024-08-15,East,Furniture,Sofa,Amit Singh,6,0.0,3518.97,1039.85
3649,2024-08-15,East,Groceries,Snacks Box,Neha Joshi,2,0.15,570.86,95.45
3650,2024-08-15,North,Stationery,Notebook,Anjali Nair,5,0.2,1981.49,375.78
3651,2024-08-15,East,Clothing,Shoes,Sneha Gupta,6,0.05,5542.78,710.75
3652,2024-08-16,East,Electronics,Smart Watch,Priya Verma,13,0.2,12129.46,2327.55
3653,2024-08-16,East,Clothing,Cap,Sneha Gupta,1,0.1,640.81,129.51
3654,2024-08-16,North,Furniture,Wooden Table,Priya Verma,12,0.05,11061.33,2629.01
3655,2024-08-16,South,Stationery,File Folder,Amit Singh,7,0.0,4089.04,822.74
3656,2024-08-16,South,Stationery,Notebook,Anjali Nair,3,0.15,1561.96,217.52
3657,2024-08-16,East,Stationery,Marker Pack,Amit Singh,6,0.0,3851.72,479.33
3658,2024-08-17,West,Clothing,Jeans,Manoj Pillai,6,0.05,6365.92,1662.49
3659,2024-08-17,North,Electronics,Tablet,Neha Joshi,2,0.1,4395.6,860.1
3660,2024-08-17,East,Clothing,Shoes,Pooja Iyer,2,0.15,1957.31,344.06
3661,2024-08-17,South,Stationery,Marker Pack,Neha Joshi,2,0.1,565.41,148.55
3662,2024-08-17,South,Stationery,File Folder,Neha Joshi,5,0.15,2944.58,547.7
3663,2024-08-18,North,Stationery,File Folder,Neha Joshi,10,0.0,19454.7,2381.9
3664,2024-08-18,East,Groceries,Cooking Oil,Neha Joshi,1,0.2,1537.75,409.86
3665,2024-08-18,East,Furniture,Office Chair,Divya Menon,2,0.2,1280.17,297.91
3666,2024-08-18,East,Clothing,Jeans,Arjun Reddy,5,0.15,3428.68,986.01
3667,2024-08-18,East,Stationery,File Folder,Divya Menon,8,0.2,4662.51,625.43
3668,2024-08-19,West,Clothing,Cap,Anjali Nair,9,0.05,16992.16,4220.5
3669,2024-08-19,North,Furniture,Wooden Table,Priya Verma,15,0.2,12550.58,2784.23
3670,2024-08-19,North,Furniture,Sofa,Rohit Kapoor,9,0.05,11693.15,3291.16
3671,2024-08-19,West,Electronics,Smart Watch,Rahul Sharma,11,0.2,14451.32,4119.9
3672,2024-08-19,North,Clothing,Jeans,Karan Mehta,8,0.05,16104.14,2870.46
3673,2024-08-20,North,Furniture,Wooden Table,Arjun Reddy,1,0.05,1106.82,186.33
3674,2024-08-20,West,Stationery,Notebook,Sanjay Malhotra,2,0.2,781.12,232.16
3675,2024-08-20,West,Stationery,Notebook,Vikram Rao,6,0.2,804.17,212.47
3676,2024-08-21,North,Groceries,Tea Pack,Neha Joshi,1,0.1,1166.58,247.38
3677,2024-08-21,West,Groceries,Spices Set,Sneha Gupta,4,0.1,1234.53,328.15
3678,2024-08-21,East,Stationery,File Folder,Sanjay Malhotra,1,0.15,1378.11,141.09
3679,2024-08-21,East,Furniture,Wooden Table,Arjun Reddy,7,0.0,6804.77,845.88
3680,2024-08-22,North,Electronics,Laptop,Kavita Das,9,0.05,37551.28,11150.92
3681,2024-08-22,East,Furniture,Sofa,Anjali Nair,2,0.05,1798.27,195.03
3682,2024-08-22,North,Stationery,Geometry Box,Kavita Das,9,0.0,21141.65,5146.63
3683,2024-08-22,North,Clothing,Jacket,Rahul Sharma,9,0.1,8749.52,1236.45
3684,2024-08-23,East,Stationery,Marker Pack,Sneha Gupta,7,0.15,2257.84,424.42
3685,2024-08-23,South,Clothing,Cap,Divya Menon,10,0.15,7432.96,1053.97
3686,2024-08-23,South,Stationery,Notebook,Divya Menon,1,0.1,552.33,162.98
3687,2024-08-24,North,Clothing,Jacket,Pooja Iyer,4,0.0,10181.09,2770.83
3688,2024-08-24,West,Furniture,Bed Frame,Pooja Iyer,10,0.05,4563.35,1177.21
3689,2024-08-24,North,Electronics,Smart Watch,Vikram Rao,4,0.15,16538.92,3683.03
3690,2024-08-24,South,Stationery,Pen Set,Pooja Iyer,8,0.05,4040.86,1095.28
3691,2024-08-24,West,Groceries,Tea Pack,Rahul Sharma,13,0.05,8576.15,998.62
3692,2024-08-24,East,Clothing,T-Shirt,Kavita Das,7,0.0,2125.8,257.16
3693,2024-08-25,East,Furniture,Sofa,Rohit Kapoor,5,0.15,4527.18,491.52
3694,2024-08-25,East,Electronics,Smartphone,Sneha Gupta,9,0.2,2292.95,454.19
3695,2024-08-25,South,Electronics,Headphones,Amit Singh,8,0.15,3814.6,483.94
3696,2024-08-25,North,Clothing,Jacket,Arjun Reddy,5,0.15,3225.89,809.68
3697,2024-08-25,South,Stationery,Geometry Box,Sanjay Malhotra,4,0.0,2570.09,552.64
3698,2024-08-25,North,Groceries,Tea Pack,Karan Mehta,5,0.2,8964.36,2137.2
3699,2024-08-26,South,Furniture,Bed Frame,Rohit Kapoor,5,0.2,1741.69,440.74
3700,2024-08-26,East,Clothing,T-Shirt,Kavita Das,4,0.1,4855.49,1352.5
3701,2024-08-26,South,Groceries,Rice Pack,Pooja Iyer,5,0.05,735.72,215.98
3702,2024-08-27,North,Groceries,Snacks Box,Sanjay Malhotra,1,0.05,1200.93,170.12
3703,2024-08-27,North,Stationery,Marker Pack,Sneha Gupta,9,0.15,10304.13,2570.7
3704,2024-08-27,South,Furniture,Wooden Table,Karan Mehta,5,0.15,1672.6,444.71
3705,2024-08-28,South,Electronics,Tablet,Rahul Sharma,15,0.0,27725.24,3842.73
3706,2024-08-28,West,Electronics,Laptop,Rohit Kapoor,3,0.15,1598.24,244.37
3707,2024-08-28,South,Electronics,Headphones,Priya Verma,10,0.05,16765.03,1793.36
3708,2024-08-29,West,Groceries,Cooking Oil,Rahul Sharma,8,0.1,2184.1,527.36
3709,2024-08-29,West,Stationery,Geometry Box,Priya Verma,15,0.05,5276.48,1580.65
3710,2024-08-29,South,Stationery,Notebook,Rahul Sharma,15,0.15,9853.88,1180.08
3711,2024-08-29,South,Furniture,Sofa,Rohit Kapoor,8,0.0,3922.74,969.21
3712,2024-08-29,West,Furniture,Bookshelf,Vikram Rao,10,0.15,2754.07,373.15
3713,2024-08-30,West,Clothing,Jeans,Amit Singh,5,0.0,3537.46,983.47
3714,2024-08-30,South,Furniture,Bookshelf,Priya Verma,5,0.2,2638.25,282.53
3715,2024-08-30,East,Groceries,Spices Set,Karan Mehta,2,0.15,1048.16,204.37
3716,2024-08-31,West,Groceries,Cooking Oil,Rahul Sharma,8,0.0,1954.99,500.26
3717,2024-08-31,South,Groceries,Tea Pack,Divya Menon,3,0.0,2395.06,333.68
3718,2024-08-31,North,Electronics,Headphones,Pooja Iyer,8,0.2,12366.74,1384.91
3719,2024-08-31,West,Furniture,Wooden Table,Anjali Nair,10,0.0,1406.73,270.48
3720,2024-09-01,North,Furniture,Office Chair,Arjun Reddy,8,0.05,3796.18,462.49
3721,2024-09-01,West,Stationery,Notebook,Divya Menon,9,0.15,10420.31,2407.27
3722,2024-09-01,West,Furniture,Wooden Table,Priya Verma,9,0.1,3551.32,904.5
3723,2024-09-01,West,Electronics,Smart Watch,Priya Verma,13,0.05,20852.47,4061.9
3724,2024-09-01,North,Groceries,Snacks Box,Vikram Rao,4,0.15,1720.08,508.58
3725,2024-09-01,South,Clothing,Jacket,Kavita Das,3,0.05,1730.01,205.12
3726,2024-09-02,North,Furniture,Sofa,Amit Singh,4,0.2,2244.15,261.35
3727,2024-09-02,North,Stationery,Geometry Box,Vikram Rao,8,0.15,16596.0,2907.05
3728,2024-09-02,North,Furniture,Wooden Table,Karan Mehta,6,0.1,2042.5,581.27
3729,2024-09-02,West,Groceries,Rice Pack,Arjun Reddy,8,0.2,10171.93,2482.36
3730,2024-09-02,North,Furniture,Sofa,Anjali Nair,6,0.2,5753.32,704.15
3731,2024-09-02,North,Furniture,Office Chair,Priya Verma,17,0.0,13480.12,2915.59
3732,2024-09-03,South,Groceries,Spices Set,Manoj Pillai,7,0.1,6218.31,1619.66
3733,2024-09-03,West,Clothing,Shoes,Rohit Kapoor,7,0.2,8274.94,1037.51
3734,2024-09-03,West,Groceries,Rice Pack,Manoj Pillai,1,0.2,870.91,141.43
3735,2024-09-04,North,Stationery,Pen Set,Pooja Iyer,9,0.0,24028.79,2929.28
3736,2024-09-04,North,Groceries,Snacks Box,Neha Joshi,10,0.05,5737.6,918.91
3737,2024-09-04,North,Groceries,Spices Set,Divya Menon,9,0.05,13224.0,3866.56
3738,2024-09-04,South,Furniture,Sofa,Sneha Gupta,5,0.2,1067.4,200.04
3739,2024-09-04,West,Electronics,Tablet,Amit Singh,2,0.05,3339.3,686.42
3740,2024-09-05,East,Groceries,Cooking Oil,Amit Singh,1,0.05,317.86,42.37
3741,2024-09-05,West,Furniture,Office Chair,Anjali Nair,6,0.0,6092.96,1537.09
3742,2024-09-05,North,Electronics,Smartphone,Rahul Sharma,14,0.2,25152.41,6256.8
3743,2024-09-05,West,Groceries,Cooking Oil,Neha Joshi,2,0.2,317.21,64.47
3744,2024-09-05,North,Electronics,Headphones,Priya Verma,10,0.0,6178.11,1092.89
3745,2024-09-06,South,Furniture,Bookshelf,Sneha Gupta,8,0.2,3524.0,1018.49
3746,2024-09-06,West,Stationery,Notebook,Karan Mehta,1,0.2,991.82,166.0
3747,2024-09-06,North,Stationery,Marker Pack,Pooja Iyer,5,0.15,3713.93,409.02
3748,2024-09-06,East,Furniture,Wooden Table,Karan Mehta,2,0.0,1891.79,281.62
3749,2024-09-07,North,Electronics,Tablet,Manoj Pillai,2,0.1,1686.29,372.38
3750,2024-09-07,East,Clothing,Jacket,Rohit Kapoor,3,0.2,5358.65,867.08
3751,2024-09-07,North,Furniture,Sofa,Sanjay Malhotra,1,0.0,872.74,143.82
3752,2024-09-07,South,Clothing,Shoes,Karan Mehta,1,0.15,473.42,136.67
3753,2024-09-07,East,Clothing,Cap,Manoj Pillai,5,0.15,4798.29,622.12
3754,2024-09-07,North,Electronics,Smartphone,Rohit Kapoor,3,0.1,12329.79,3010.98
3755,2024-09-08,North,Stationery,Pen Set,Manoj Pillai,3,0.05,4367.88,957.84
3756,2024-09-08,East,Electronics,Laptop,Manoj Pillai,7,0.05,2729.72,462.22
3757,2024-09-08,North,Groceries,Snacks Box,Divya Menon,6,0.05,10119.31,2610.11
3758,2024-09-08,East,Furniture,Bookshelf,Vikram Rao,3,0.05,1472.3,281.04
3759,2024-09-09,East,Electronics,Laptop,Neha Joshi,2,0.2,4815.09,1012.77
3760,2024-09-09,East,Electronics,Tablet,Priya Verma,15,0.0,31445.23,9273.53
3761,2024-09-09,East,Stationery,Notebook,Vikram Rao,7,0.0,10525.58,1180.62
3762,2024-09-10,South,Electronics,Headphones,Karan Mehta,7,0.0,2025.71,254.34
3763,2024-09-10,South,Stationery,Pen Set,Pooja Iyer,2,0.0,375.98,103.69
3764,2024-09-10,South,Furniture,Wooden Table,Neha Joshi,7,0.0,2270.06,283.8
3765,2024-09-10,East,Stationery,Geometry Box,Rahul Sharma,13,0.15,9127.99,1322.44
3766,2024-09-11,East,Groceries,Rice Pack,Manoj Pillai,5,0.05,9021.89,2667.72
3767,2024-09-11,West,Furniture,Sofa,Karan Mehta,1,0.0,752.21,125.3
3768,2024-09-11,North,Clothing,Shoes,Divya Menon,4,0.1,7324.86,950.62
3769,2024-09-11,South,Clothing,Cap,Karan Mehta,2,0.15,2429.19,502.72
3770,2024-09-11,South,Clothing,T-Shirt,Divya Menon,3,0.15,2557.51,349.5
3771,2024-09-12,North,Stationery,Marker Pack,Kavita Das,7,0.15,15275.68,4374.6
3772,2024-09-12,West,Furniture,Wooden Table,Vikram Rao,2,0.2,1625.89,450.01
3773,2024-09-12,West,Stationery,Marker Pack,Rohit Kapoor,5,0.2,2213.77,428.18
3774,2024-09-12,North,Furniture,Bed Frame,Rahul Sharma,10,0.1,2089.96,616.52
3775,2024-09-12,North,Stationery,Geometry Box,Rohit Kapoor,10,0.15,23042.27,6790.81
3776,2024-09-12,South,Furniture,Sofa,Kavita Das,5,0.05,1396.19,225.41
3777,2024-09-13,West,Stationery,Pen Set,Priya Verma,11,0.0,6732.32,1256.01
3778,2024-09-13,East,Stationery,Geometry Box,Amit Singh,6,0.1,5600.59,752.79
3779,2024-09-13,West,Clothing,Jacket,Arjun Reddy,2,0.0,798.25,193.22
3780,2024-09-13,West,Furniture,Bed Frame,Rohit Kapoor,2,0.2,423.31,63.42
3781,2024-09-13,West,Furniture,Sofa,Sneha Gupta,6,0.2,4432.65,886.92
3782,2024-09-13,South,Electronics,Tablet,Rohit Kapoor,5,0.2,6405.62,1328.32
3783,2024-09-14,West,Clothing,T-Shirt,Anjali Nair,2,0.0,4153.53,566.33
3784,2024-09-14,South,Clothing,Jacket,Sneha Gupta,5,0.0,5876.82,806.87
3785,2024-09-14,North,Electronics,Smart Watch,Rahul Sharma,12,0.2,37775.44,6980.02
3786,2024-09-14,South,Groceries,Cooking Oil,Priya Verma,12,0.15,1956.97,275.01
3787,2024-09-14,North,Furniture,Office Chair,Neha Joshi,8,0.2,11064.18,2484.79
3788,2024-09-14,North,Electronics,Smartphone,Sanjay Malhotra,5,0.0,24147.31,3428.23
3789,2024-09-15,North,Furniture,Office Chair,Sanjay Malhotra,8,0.0,10319.92,1995.12
3790,2024-09-15,West,Electronics,Smartphone,Manoj Pillai,7,0.05,14868.31,4281.8
3791,2024-09-15,North,Stationery,Geometry Box,Priya Verma,18,0.1,38030.6,7352.53
3792,2024-09-15,East,Clothing,T-Shirt,Arjun Reddy,2,0.0,1318.69,247.27
3793,2024-09-15,South,Clothing,Cap,Amit Singh,2,0.0,1502.34,200.25
3794,2024-09-15,West,Stationery,Notebook,Pooja Iyer,3,0.15,2476.26,275.48
3795,2024-09-16,West,Electronics,Smart Watch,Priya Verma,14,0.0,23831.17,2912.49
3796,2024-09-16,West,Furniture,Wooden Table,Manoj Pillai,4,0.2,3251.11,707.49
3797,2024-09-16,West,Clothing,Shoes,Pooja Iyer,2,0.2,930.2,156.06
3798,2024-09-16,South,Electronics,Smart Watch,Manoj Pillai,7,0.2,9576.43,2680.77
3799,2024-09-17,South,Clothing,Cap,Rahul Sharma,15,0.1,15558.68,4254.15
3800,2024-09-17,North,Electronics,Laptop,Arjun Reddy,5,0.1,6321.49,1603.17
3801,2024-09-17,South,Groceries,Cooking Oil,Amit Singh,2,0.15,1384.72,357.08
3802,2024-09-18,West,Stationery,Geometry Box,Kavita Das,8,0.1,5018.59,975.77
3803,2024-09-18,West,Groceries,Snacks Box,Priya Verma,11,0.2,12056.53,2599.54
3804,2024-09-18,East,Furniture,Office Chair,Anjali Nair,1,0.0,1077.12,300.44
3805,2024-09-18,South,Groceries,Rice Pack,Rahul Sharma,13,0.0,4999.48,546.36
3806,2024-09-18,East,Furniture,Sofa,Kavita Das,4,0.0,3316.33,905.82
3807,2024-09-18,South,Clothing,Cap,Kavita Das,5,0.2,911.55,95.45
3808,2024-09-19,North,Groceries,Spices Set,Sanjay Malhotra,2,0.0,2623.06,382.25
3809,2024-09-19,South,Electronics,Headphones,Manoj Pillai,2,0.15,1752.46,303.08
3810,2024-09-19,West,Clothing,Shoes,Divya Menon,4,0.05,5567.12,1598.56
3811,2024-09-19,East,Furniture,Sofa,Rohit Kapoor,2,0.0,259.12,26.8
3812,2024-09-19,North,Clothing,Shoes,Karan Mehta,5,0.05,9644.96,2546.78
3813,2024-09-20,North,Clothing,Shoes,Sneha Gupta,9,0.1,11810.33,2987.82
3814,2024-09-20,North,Furniture,Bed Frame,Sanjay Malhotra,2,0.15,3187.81,528.87
3815,2024-09-20,North,Furniture,Wooden Table,Neha Joshi,6,0.2,5379.58,643.9
3816,2024-09-20,East,Clothing,Jeans,Karan Mehta,1,0.2,952.97,138.58
3817,2024-09-20,West,Electronics,Laptop,Vikram Rao,5,0.15,9478.52,2545.13
3818,2024-09-20,East,Clothing,Shoes,Sanjay Malhotra,8,0.15,3569.04,612.52
3819,2024-09-21,North,Electronics,Smart Watch,Sneha Gupta,1,0.2,2116.67,364.77
3820,2024-09-21,East,Groceries,Spices Set,Arjun Reddy,4,0.15,4984.59,559.47
3821,2024-09-21,North,Groceries,Snacks Box,Vikram Rao,4,0.2,1247.34,171.06
3822,2024-09-21,West,Clothing,T-Shirt,Kavita Das,5,0.2,7206.39,1737.72
3823,2024-09-21,South,Groceries,Rice Pack,Amit Singh,10,0.05,4928.86,1252.5
3824,2024-09-21,West,Stationery,Marker Pack,Amit Singh,8,0.05,6925.43,1847.57
3825,2024-09-22,West,Groceries,Tea Pack,Vikram Rao,3,0.0,2854.49,794.9
3826,2024-09-22,South,Furniture,Bookshelf,Priya Verma,11,0.1,2219.47,651.15
3827,2024-09-22,West,Groceries,Tea Pack,Divya Menon,3,0.1,3300.48,473.88
3828,2024-09-23,West,Stationery,Notebook,Karan Mehta,1,0.1,773.35,222.13
3829,2024-09-23,West,Stationery,Pen Set,Amit Singh,1,0.1,1097.35,280.36
3830,2024-09-23,East,Electronics,Headphones,Sanjay Malhotra,1,0.2,2392.06,528.16
3831,2024-09-23,South,Groceries,Cooking Oil,Neha Joshi,7,0.0,8747.77,1447.53
3832,2024-09-23,West,Groceries,Snacks Box,Sanjay Malhotra,1,0.1,466.26,107.82
3833,2024-09-23,East,Groceries,Tea Pack,Rahul Sharma,14,0.2,14954.98,2990.43
3834,2024-09-24,East,Clothing,Jeans,Karan Mehta,2,0.2,2712.93,286.28
3835,2024-09-24,East,Furniture,Wooden Table,Pooja Iyer,4,0.15,3318.48,418.29
3836,2024-09-24,South,Furniture,Office Chair,Divya Menon,3,0.05,2110.35,273.17
3837,2024-09-24,North,Electronics,Smartphone,Kavita Das,8,0.1,25259.31,5001.83
3838,2024-09-24,North,Groceries,Rice Pack,Karan Mehta,3,0.0,8196.28,1078.0
3839,2024-09-25,North,Clothing,Jacket,Kavita Das,9,0.15,17767.61,2603.63
3840,2024-09-25,East,Furniture,Office Chair,Kavita Das,7,0.2,755.54,163.88
3841,2024-09-25,South,Furniture,Office Chair,Manoj Pillai,3,0.15,1979.87,587.6
3842,2024-09-25,North,Electronics,Headphones,Amit Singh,7,0.1,17585.23,2030.86
3843,2024-09-25,West,Stationery,Notebook,Kavita Das,2,0.15,1338.76,371.39
3844,2024-09-26,South,Electronics,Smart Watch,Manoj Pillai,4,0.15,5956.29,642.49
3845,2024-09-26,East,Electronics,Smartphone,Vikram Rao,10,0.05,8612.74,1573.15
3846,2024-09-26,West,Furniture,Sofa,Manoj Pillai,5,0.15,3003.0,812.5
3847,2024-09-27,South,Stationery,Geometry Box,Sanjay Malhotra,8,0.15,6937.63,1964.57
3848,2024-09-27,North,Stationery,Pen Set,Neha Joshi,1,0.15,1809.41,298.59
3849,2024-09-27,North,Furniture,Sofa,Neha Joshi,10,0.2,6422.82,1540.04
3850,2024-09-27,South,Stationery,Pen Set,Amit Singh,8,0.05,7842.16,1557.85
3851,2024-09-27,North,Furniture,Bed Frame,Priya Verma,10,0.05,8029.5,1282.26
3852,2024-09-27,West,Electronics,Laptop,Kavita Das,7,0.15,8602.65,1971.52
3853,2024-09-28,West,Furniture,Bed Frame,Arjun Reddy,5,0.1,5024.87,1093.52
3854,2024-09-28,East,Stationery,File Folder,Anjali Nair,1,0.15,1071.72,215.56
3855,2024-09-28,West,Clothing,T-Shirt,Karan Mehta,8,0.1,11710.11,3153.5
3856,2024-09-28,North,Furniture,Office Chair,Rohit Kapoor,1,0.0,1244.62,334.16
3857,2024-09-29,North,Furniture,Wooden Table,Sanjay Malhotra,2,0.1,2941.36,849.76
3858,2024-09-29,South,Stationery,Notebook,Vikram Rao,5,0.2,2559.15,273.62
3859,2024-09-29,South,Furniture,Wooden Table,Anjali Nair,4,0.05,846.7,85.78
3860,2024-09-29,South,Furniture,Sofa,Priya Verma,9,0.05,5526.13,1442.72
3861,2024-09-30,North,Electronics,Tablet,Manoj Pillai,4,0.1,6540.32,1695.53
3862,2024-09-30,North,Furniture,Bookshelf,Neha Joshi,9,0.2,12188.29,1913.16
3863,2024-09-30,South,Stationery,Pen Set,Sanjay Malhotra,4,0.05,3507.92,557.44
3864,2024-09-30,South,Groceries,Cooking Oil,Neha Joshi,7,0.05,920.85,191.06
3865,2024-09-30,East,Stationery,File Folder,Arjun Reddy,4,0.0,1436.02,421.02
3866,2024-10-01,East,Electronics,Laptop,Manoj Pillai,10,0.0,22045.5,3674.28
3867,2024-10-01,West,Clothing,Cap,Neha Joshi,10,0.05,26580.63,3284.86
3868,2024-10-01,South,Groceries,Tea Pack,Sneha Gupta,2,0.15,1589.72,345.92
3869,2024-10-01,East,Furniture,Office Chair,Manoj Pillai,1,0.15,395.88,100.94
3870,2024-10-01,East,Electronics,Tablet,Sneha Gupta,8,0.1,20953.8,5434.7
3871,2024-10-02,South,Groceries,Tea Pack,Priya Verma,8,0.0,7767.12,1899.13
3872,2024-10-02,South,Groceries,Snacks Box,Pooja Iyer,6,0.05,7272.19,1467.09
3873,2024-10-02,West,Clothing,Shoes,Priya Verma,9,0.0,23735.38,2945.4
3874,2024-10-02,South,Electronics,Smartphone,Neha Joshi,10,0.05,17995.27,4964.39
3875,2024-10-03,East,Furniture,Sofa,Rahul Sharma,7,0.05,8617.72,1471.62
3876,2024-10-03,South,Clothing,Jacket,Rahul Sharma,14,0.0,9636.45,2451.31
3877,2024-10-03,North,Stationery,Notebook,Vikram Rao,4,0.0,8724.18,1642.97
3878,2024-10-03,West,Furniture,Sofa,Pooja Iyer,10,0.05,6624.67,1644.57
3879,2024-10-03,South,Furniture,Office Chair,Rohit Kapoor,9,0.05,6884.59,1038.71
3880,2024-10-04,North,Stationery,Pen Set,Divya Menon,1,0.1,2756.93,542.07
3881,2024-10-04,North,Groceries,Tea Pack,Arjun Reddy,7,0.2,7515.06,1065.59
3882,2024-10-04,South,Furniture,Bed Frame,Neha Joshi,9,0.15,3499.08,600.42
3883,2024-10-04,North,Furniture,Sofa,Pooja Iyer,9,0.1,22580.29,3499.66
3884,2024-10-04,East,Stationery,Geometry Box,Divya Menon,9,0.2,4621.31,1144.99
3885,2024-10-05,East,Groceries,Tea Pack,Amit Singh,7,0.05,2271.64,457.92
3886,2024-10-05,West,Groceries,Cooking Oil,Arjun Reddy,10,0.05,10769.35,3067.06
3887,2024-10-05,East,Clothing,T-Shirt,Sanjay Malhotra,10,0.15,6924.36,912.66
3888,2024-10-05,South,Clothing,T-Shirt,Sanjay Malhotra,2,0.2,848.9,208.72
3889,2024-10-06,South,Clothing,Shoes,Amit Singh,9,0.15,4132.57,1041.8
3890,2024-10-06,South,Electronics,Smartphone,Kavita Das,3,0.05,2498.44,386.52
3891,2024-10-06,East,Stationery,File Folder,Amit Singh,10,0.0,19033.68,4208.29
3892,2024-10-06,West,Groceries,Cooking Oil,Kavita Das,8,0.0,4701.62,844.88
3893,2024-10-06,East,Clothing,T-Shirt,Neha Joshi,6,0.15,4532.14,513.72
3894,2024-10-06,East,Electronics,Smartphone,Divya Menon,4,0.2,2362.12,584.54
3895,2024-10-07,South,Furniture,Sofa,Sanjay Malhotra,4,0.2,2296.76,291.44
3896,2024-10-07,East,Groceries,Rice Pack,Priya Verma,13,0.05,16124.44,3853.19
3897,2024-10-07,West,Electronics,Tablet,Amit Singh,8,0.15,18807.04,3085.75
3898,2024-10-08,West,Electronics,Smart Watch,Kavita Das,1,0.15,3317.07,909.08
3899,2024-10-08,West,Clothing,Jeans,Divya Menon,9,0.1,2590.26,555.58
3900,2024-10-08,South,Groceries,Cooking Oil,Sneha Gupta,5,0.15,1400.95,371.58
3901,2024-10-08,South,Furniture,Office Chair,Sneha Gupta,4,0.15,754.44,172.45
3902,2024-10-08,East,Clothing,T-Shirt,Karan Mehta,5,0.05,14513.88,3528.08
3903,2024-10-09,East,Clothing,Jacket,Priya Verma,10,0.15,7169.39,1661.14
3904,2024-10-09,West,Stationery,Geometry Box,Pooja Iyer,7,0.0,7146.96,1704.62
3905,2024-10-09,East,Stationery,Geometry Box,Amit Singh,10,0.0,19684.14,5432.82
3906,2024-10-09,North,Groceries,Snacks Box,Kavita Das,6,0.0,16206.17,3051.23
3907,2024-10-09,North,Groceries,Spices Set,Neha Joshi,10,0.05,11684.03,2797.94
3908,2024-10-09,North,Furniture,Sofa,Rohit Kapoor,4,0.15,3705.47,942.3
3909,2024-10-10,West,Furniture,Wooden Table,Vikram Rao,6,0.15,6534.59,1693.94
3910,2024-10-10,West,Stationery,Geometry Box,Pooja Iyer,10,0.0,5297.81,1455.99
3911,2024-10-10,East,Furniture,Bookshelf,Kavita Das,3,0.15,2714.53,293.96
3912,2024-10-11,South,Furniture,Bed Frame,Karan Mehta,5,0.0,3754.04,1110.63
3913,2024-10-11,North,Stationery,Geometry Box,Sneha Gupta,9,0.1,20713.2,3367.77
3914,2024-10-11,East,Furniture,Office Chair,Karan Mehta,5,0.05,3260.76,710.82
3915,2024-10-11,North,Electronics,Tablet,Sanjay Malhotra,4,0.15,14262.66,2173.2
3916,2024-10-11,West,Electronics,Headphones,Pooja Iyer,7,0.0,10173.22,1944.33
3917,2024-10-11,East,Clothing,Jeans,Pooja Iyer,1,0.15,2075.33,241.72
3918,2024-10-12,East,Groceries,Snacks Box,Manoj Pillai,7,0.15,3817.61,1051.25
3919,2024-10-12,South,Groceries,Spices Set,Manoj Pillai,2,0.1,2270.95,627.81
3920,2024-10-12,North,Stationery,Geometry Box,Kavita Das,9,0.2,17048.39,4904.42
3921,2024-10-12,South,Groceries,Tea Pack,Manoj Pillai,3,0.2,3751.29,383.45
3922,2024-10-12,East,Clothing,T-Shirt,Divya Menon,8,0.2,9242.57,1460.43
3923,2024-10-12,South,Clothing,Shoes,Sanjay Malhotra,7,0.0,5657.66,607.07
3924,2024-10-13,West,Clothing,Shoes,Neha Joshi,9,0.05,7258.69,1301.28
3925,2024-10-13,West,Furniture,Office Chair,Kavita Das,7,0.15,6939.43,1925.92
3926,2024-10-13,North,Stationery,Pen Set,Amit Singh,3,0.15,4613.87,1252.78
3927,2024-10-13,East,Electronics,Tablet,Rahul Sharma,16,0.15,33423.23,6222.79
3928,2024-10-14,East,Stationery,Notebook,Karan Mehta,8,0.05,10999.99,1549.57
3929,2024-10-14,South,Stationery,File Folder,Kavita Das,9,0.15,11012.21,1154.23
3930,2024-10-14,East,Clothing,T-Shirt,Kavita Das,5,0.2,2900.84,770.72
3931,2024-10-14,West,Electronics,Headphones,Arjun Reddy,9,0.15,24067.62,6088.35
3932,2024-10-15,West,Electronics,Smart Watch,Karan Mehta,4,0.05,12964.15,3273.54
3933,2024-10-15,West,Furniture,Bed Frame,Manoj Pillai,1,0.15,369.66,96.82
3934,2024-10-15,South,Stationery,File Folder,Priya Verma,16,0.2,17470.88,2166.38
3935,2024-10-15,South,Groceries,Snacks Box,Manoj Pillai,4,0.05,3577.55,685.13
3936,2024-10-15,North,Stationery,Marker Pack,Kavita Das,5,0.2,5184.6,938.65
3937,2024-10-15,East,Furniture,Office Chair,Sneha Gupta,10,0.2,10136.18,2361.46
3938,2024-10-16,South,Clothing,Jacket,Arjun Reddy,10,0.0,4037.22,693.43
3939,2024-10-16,West,Groceries,Rice Pack,Karan Mehta,10,0.05,3971.39,667.18
3940,2024-10-16,West,Furniture,Office Chair,Anjali Nair,5,0.2,3686.45,1075.4
3941,2024-10-17,South,Stationery,File Folder,Divya Menon,5,0.05,5744.09,1375.57
3942,2024-10-17,North,Groceries,Spices Set,Priya Verma,10,0.15,22604.82,4007.22
3943,2024-10-17,West,Clothing,Jeans,Arjun Reddy,2,0.1,4712.34,968.58
3944,2024-10-17,North,Electronics,Smart Watch,Arjun Reddy,5,0.2,26861.21,6221.97
3945,2024-10-17,North,Clothing,T-Shirt,Sneha Gupta,8,0.0,8609.3,954.6
3946,2024-10-18,West,Clothing,T-Shirt,Pooja Iyer,1,0.05,355.74,80.33
3947,2024-10-18,North,Stationery,Notebook,Pooja Iyer,3,0.15,2312.44,307.83
3948,2024-10-18,West,Stationery,Pen Set,Arjun Reddy,5,0.1,8218.15,1358.05
3949,2024-10-18,North,Electronics,Smart Watch,Amit Singh,9,0.2,36112.39,10587.73
3950,2024-10-19,West,Clothing,T-Shirt,Priya Verma,14,0.2,3341.48,792.21
3951,2024-10-19,West,Electronics,Laptop,Sanjay Malhotra,8,0.15,12283.25,1266.54
3952,2024-10-19,North,Stationery,Pen Set,Kavita Das,1,0.05,2426.29,464.05
3953,2024-10-19,South,Groceries,Cooking Oil,Arjun Reddy,5,0.1,2804.18,463.29
3954,2024-10-20,South,Clothing,Jacket,Rohit Kapoor,8,0.0,2772.38,283.31
3955,2024-10-20,East,Furniture,Sofa,Amit Singh,6,0.05,4695.99,487.04
3956,2024-10-20,North,Furniture,Wooden Table,Pooja Iyer,6,0.05,1781.11,374.5
3957,2024-10-20,East,Stationery,Marker Pack,Karan Mehta,1,0.05,1450.22,333.27
3958,2024-10-20,West,Electronics,Laptop,Manoj Pillai,5,0.05,8299.1,1050.6
3959,2024-10-20,East,Electronics,Headphones,Anjali Nair,4,0.15,4951.89,1241.83
3960,2024-10-21,East,Clothing,T-Shirt,Sneha Gupta,7,0.1,17447.65,4881.37
3961,2024-10-21,South,Electronics,Headphones,Kavita Das,10,0.15,23164.85,3469.03
3962,2024-10-21,East,Clothing,Shoes,Karan Mehta,3,0.05,8891.15,1299.57
3963,2024-10-21,North,Groceries,Tea Pack,Sanjay Malhotra,8,0.2,24611.58,7236.57
3964,2024-10-21,West,Clothing,Cap,Priya Verma,10,0.1,16414.75,4322.32
3965,2024-10-21,South,Furniture,Office Chair,Vikram Rao,3,0.2,1499.07,205.23
3966,2024-10-22,South,Electronics,Smart Watch,Karan Mehta,7,0.0,18533.81,5369.72
3967,2024-10-22,West,Furniture,Wooden Table,Manoj Pillai,6,0.15,5284.6,1152.05
3968,2024-10-22,South,Stationery,File Folder,Sanjay Malhotra,9,0.05,3657.49,915.47
3969,2024-10-22,West,Groceries,Spices Set,Rohit Kapoor,8,0.15,9149.74,1257.71
3970,2024-10-22,West,Electronics,Headphones,Priya Verma,7,0.1,14395.27,2946.01
3971,2024-10-22,East,Stationery,Pen Set,Priya Verma,14,0.05,20108.13,2773.31
3972,2024-10-23,South,Furniture,Bookshelf,Rahul Sharma,6,0.0,5943.48,947.97
3973,2024-10-23,West,Groceries,Cooking Oil,Kavita Das,10,0.0,25560.62,4115.05
3974,2024-10-23,South,Electronics,Headphones,Divya Menon,10,0.0,8079.56,998.97
3975,2024-10-24,West,Clothing,Jeans,Manoj Pillai,9,0.15,4905.56,1070.82
3976,2024-10-24,West,Clothing,Shoes,Vikram Rao,3,0.05,3061.84,313.14
3977,2024-10-24,South,Electronics,Tablet,Amit Singh,4,0.1,8338.92,885.56
3978,2024-10-24,West,Groceries,Tea Pack,Neha Joshi,2,0.2,4038.73,855.16
3979,2024-10-25,South,Stationery,File Folder,Manoj Pillai,1,0.1,605.49,76.5
3980,2024-10-25,North,Electronics,Smart Watch,Arjun Reddy,6,0.05,27408.77,2756.11
3981,2024-10-25,West,Groceries,Rice Pack,Manoj Pillai,9,0.15,12508.2,3697.85
3982,2024-10-25,South,Clothing,T-Shirt,Vikram Rao,4,0.1,3903.98,484.5
3983,2024-10-25,South,Clothing,Jeans,Priya Verma,9,0.15,10635.38,2872.45
3984,2024-10-25,North,Electronics,Smartphone,Pooja Iyer,8,0.15,13607.4,1822.19
3985,2024-10-26,East,Electronics,Laptop,Karan Mehta,2,0.2,5543.3,753.16
3986,2024-10-26,North,Furniture,Sofa,Kavita Das,10,0.2,14755.96,1685.08
3987,2024-10-26,South,Stationery,Marker Pack,Sneha Gupta,4,0.15,674.66,107.71
3988,2024-10-26,South,Clothing,Jacket,Vikram Rao,8,0.1,8575.92,857.74
3989,2024-10-26,East,Groceries,Tea Pack,Rahul Sharma,12,0.2,13389.03,3412.78
3990,2024-10-26,East,Electronics,Smartphone,Divya Menon,8,0.15,11671.85,2981.91
3991,2024-10-27,West,Electronics,Tablet,Kavita Das,6,0.0,12807.64,1892.69
3992,2024-10-27,South,Stationery,File Folder,Anjali Nair,2,0.1,1091.58,151.2
3993,2024-10-27,East,Electronics,Tablet,Kavita Das,2,0.2,5752.81,1160.78
3994,2024-10-28,East,Stationery,Notebook,Divya Menon,2,0.1,3834.28,729.96
3995,2024-10-28,East,Stationery,Marker Pack,Arjun Reddy,6,0.05,8607.57,1062.13
3996,2024-10-28,West,Electronics,Smart Watch,Kavita Das,8,0.0,4645.02,475.01
3997,2024-10-28,South,Electronics,Headphones,Anjali Nair,5,0.0,7993.69,2373.67
3998,2024-10-28,South,Stationery,File Folder,Amit Singh,3,0.0,3598.55,377.22
3999,2024-10-29,West,Groceries,Cooking Oil,Sanjay Malhotra,1,0.05,1421.1,402.27
4000,2024-10-29,West,Clothing,T-Shirt,Arjun Reddy,8,0.2,10981.84,1431.05
4001,2024-10-29,East,Furniture,Bed Frame,Divya Menon,6,0.0,10306.1,1818.28
4002,2024-10-29,West,Stationery,Pen Set,Kavita Das,4,0.05,3301.61,605.86
4003,2024-10-30,North,Furniture,Bed Frame,Pooja Iyer,5,0.1,11255.99,2258.26
4004,2024-10-30,North,Groceries,Tea Pack,Rahul Sharma,12,0.2,27878.31,6114.16
4005,2024-10-30,North,Electronics,Tablet,Divya Menon,10,0.0,42418.8,10374.67
4006,2024-10-30,East,Furniture,Office Chair,Priya Verma,10,0.05,13903.8,1669.18
4007,2024-10-31,East,Stationery,Geometry Box,Rohit Kapoor,1,0.1,522.23,93.93
4008,2024-10-31,South,Electronics,Smartphone,Neha Joshi,7,0.0,6989.32,1334.71
4009,2024-10-31,South,Furniture,Office Chair,Anjali Nair,4,0.2,3195.58,752.96
4010,2024-10-31,West,Groceries,Snacks Box,Anjali Nair,5,0.1,6370.71,1526.71
4011,2024-10-31,North,Stationery,Pen Set,Manoj Pillai,4,0.0,7702.16,868.07
4012,2024-11-01,North,Stationery,File Folder,Anjali Nair,4,0.2,4299.18,1183.48
4013,2024-11-01,West,Groceries,Tea Pack,Amit Singh,7,0.05,5720.22,1376.43
4014,2024-11-01,West,Electronics,Headphones,Sneha Gupta,1,0.05,2934.36,336.67
4015,2024-11-01,East,Electronics,Laptop,Anjali Nair,8,0.2,25867.14,2617.43
4016,2024-11-01,West,Stationery,Marker Pack,Rahul Sharma,9,0.0,8695.65,1558.65
4017,2024-11-01,South,Groceries,Rice Pack,Anjali Nair,1,0.05,1310.31,363.51
4018,2024-11-02,West,Clothing,T-Shirt,Neha Joshi,9,0.2,4394.93,1195.05
4019,2024-11-02,North,Stationery,Notebook,Amit Singh,1,0.05,2497.33,321.24
4020,2024-11-02,South,Electronics,Tablet,Vikram Rao,6,0.05,11199.31,2838.78
4021,2024-11-03,East,Stationery,Marker Pack,Divya Menon,10,0.1,6522.68,798.52
4022,2024-11-03,South,Groceries,Rice Pack,Rahul Sharma,14,0.2,9934.03,2708.1
4023,2024-11-03,West,Clothing,Shoes,Manoj Pillai,5,0.1,4371.58,676.16
4024,2024-11-03,South,Electronics,Headphones,Vikram Rao,9,0.2,6945.73,1090.91
4025,2024-11-03,East,Furniture,Bed Frame,Priya Verma,9,0.2,1456.29,180.81
4026,2024-11-03,West,Clothing,Jacket,Rohit Kapoor,4,0.1,9455.84,2544.13
4027,2024-11-04,West,Groceries,Cooking Oil,Kavita Das,3,0.2,5201.57,906.11
4028,2024-11-04,North,Groceries,Spices Set,Pooja Iyer,1,0.1,3195.13,562.27
4029,2024-11-04,South,Groceries,Rice Pack,Sanjay Malhotra,7,0.05,4582.65,846.01
4030,2024-11-04,West,Electronics,Headphones,Pooja Iyer,3,0.15,9275.26,1680.87
4031,2024-11-04,South,Furniture,Sofa,Sanjay Malhotra,2,0.1,1088.1,114.72
4032,2024-11-05,South,Electronics,Smartphone,Pooja Iyer,4,0.0,5250.82,1374.63
4033,2024-11-05,East,Groceries,Rice Pack,Anjali Nair,9,0.15,13829.12,2415.73
4034,2024-11-05,South,Clothing,Jacket,Priya Verma,9,0.05,10812.15,2037.74
4035,2024-11-05,East,Electronics,Smart Watch,Vikram Rao,6,0.05,4709.83,1235.53
4036,2024-11-05,West,Stationery,Notebook,Anjali Nair,8,0.0,10476.61,2588.43
4037,2024-11-06,West,Clothing,Shoes,Neha Joshi,4,0.15,3950.39,1094.4
4038,2024-11-06,South,Furniture,Sofa,Divya Menon,10,0.15,3132.29,733.3
4039,2024-11-06,West,Groceries,Spices Set,Rahul Sharma,10,0.15,3261.68,959.31
4040,2024-11-06,West,Groceries,Rice Pack,Rohit Kapoor,5,0.05,10992.26,2870.54
4041,2024-11-06,North,Stationery,Pen Set,Amit Singh,1,0.2,1320.31,261.12
4042,2024-11-06,South,Furniture,Wooden Table,Divya Menon,10,0.15,2705.07,639.81
4043,2024-11-07,West,Clothing,Jacket,Rahul Sharma,8,0.2,17404.38,2576.1
4044,2024-11-07,South,Groceries,Tea Pack,Karan Mehta,10,0.2,10009.52,1518.02
4045,2024-11-07,West,Groceries,Cooking Oil,Neha Joshi,3,0.05,5676.93,1552.6
4046,2024-11-07,South,Electronics,Laptop,Sneha Gupta,3,0.0,5059.03,760.23
4047,2024-11-08,North,Groceries,Spices Set,Sneha Gupta,4,0.05,10442.24,1656.84
4048,2024-11-08,South,Clothing,Shoes,Arjun Reddy,2,0.2,2024.07,262.87
4049,2024-11-08,North,Groceries,Snacks Box,Kavita Das,6,0.0,11546.76,1775.27
4050,2024-11-09,South,Groceries,Rice Pack,Manoj Pillai,8,0.1,6457.33,1536.49
4051,2024-11-09,North,Furniture,Bed Frame,Sneha Gupta,2,0.0,603.88,160.91
4052,2024-11-09,East,Furniture,Wooden Table,Arjun Reddy,3,0.05,4002.37,746.44
4053,2024-11-09,South,Furniture,Bookshelf,Pooja Iyer,8,0.15,2201.76,633.77
4054,2024-11-09,West,Stationery,Notebook,Karan Mehta,7,0.1,10150.01,1072.4
4055,2024-11-10,North,Furniture,Bed Frame,Anjali Nair,1,0.05,1222.26,130.67
4056,2024-11-10,East,Furniture,Bed Frame,Rohit Kapoor,5,0.05,5590.11,653.84
4057,2024-11-10,North,Groceries,Snacks Box,Divya Menon,1,0.05,4198.18,646.73
4058,2024-11-10,West,Groceries,Snacks Box,Rohit Kapoor,3,0.15,3446.43,439.57
4059,2024-11-10,North,Groceries,Cooking Oil,Rahul Sharma,5,0.05,17012.53,4439.76
4060,2024-11-10,East,Groceries,Snacks Box,Karan Mehta,2,0.1,3261.51,500.49
4061,2024-11-11,South,Electronics,Tablet,Manoj Pillai,4,0.2,6369.28,1363.96
4062,2024-11-11,West,Stationery,File Folder,Divya Menon,5,0.2,6900.12,1045.63
4063,2024-11-11,West,Electronics,Tablet,Divya Menon,10,0.1,29894.39,3074.38
4064,2024-11-11,East,Stationery,Pen Set,Amit Singh,7,0.15,5135.09,644.51
4065,2024-11-11,South,Stationery,Geometry Box,Manoj Pillai,7,0.0,2218.66,291.51
4066,2024-11-11,North,Electronics,Headphones,Neha Joshi,5,0.2,27434.08,3994.28
4067,2024-11-12,North,Electronics,Laptop,Arjun Reddy,8,0.15,38083.53,11331.45
4068,2024-11-12,South,Furniture,Wooden Table,Kavita Das,10,0.2,6402.43,1029.75
4069,2024-11-12,West,Clothing,Jeans,Kavita Das,3,0.1,3617.68,695.39
4070,2024-11-13,North,Stationery,File Folder,Rohit Kapoor,3,0.05,3157.16,647.76
4071,2024-11-13,West,Electronics,Headphones,Arjun Reddy,9,0.1,5192.15,1061.44
4072,2024-11-13,West,Electronics,Laptop,Divya Menon,5,0.2,10823.92,1950.07
4073,2024-11-13,West,Stationery,File Folder,Rohit Kapoor,5,0.15,1103.83,260.38
4074,2024-11-13,West,Groceries,Spices Set,Vikram Rao,10,0.15,6184.24,1457.34
4075,2024-11-13,South,Electronics,Tablet,Kavita Das,8,0.05,5834.29,1521.57
4076,2024-11-14,North,Stationery,Pen Set,Karan Mehta,2,0.15,3049.26,309.44
4077,2024-11-14,West,Clothing,Jacket,Manoj Pillai,6,0.15,10683.77,1936.65
4078,2024-11-14,East,Clothing,Shoes,Arjun Reddy,9,0.15,9654.24,2416.66
4079,2024-11-15,West,Clothing,T-Shirt,Amit Singh,5,0.15,6066.76,613.62
4080,2024-11-15,North,Groceries,Spices Set,Pooja Iyer,6,0.2,18880.04,3454.76
4081,2024-11-15,South,Clothing,T-Shirt,Anjali Nair,2,0.15,1512.31,228.47
4082,2024-11-15,North,Furniture,Wooden Table,Manoj Pillai,5,0.1,4388.98,1114.66
4083,2024-11-15,West,Clothing,T-Shirt,Amit Singh,4,0.05,6408.38,1809.92
4084,2024-11-16,North,Stationery,Pen Set,Kavita Das,6,0.15,17484.24,4301.79
4085,2024-11-16,West,Electronics,Laptop,Karan Mehta,4,0.0,14263.57,2277.32
4086,2024-11-16,East,Furniture,Wooden Table,Rohit Kapoor,7,0.0,3161.37,820.26
4087,2024-11-16,East,Electronics,Tablet,Neha Joshi,9,0.05,4802.06,1064.82
4088,2024-11-16,East,Electronics,Laptop,Vikram Rao,10,0.0,27584.27,5148.65
4089,2024-11-16,North,Stationery,Marker Pack,Neha Joshi,8,0.2,22173.71,2815.75
4090,2024-11-17,East,Furniture,Bed Frame,Vikram Rao,2,0.05,1428.86,317.03
4091,2024-11-17,North,Clothing,Jacket,Manoj Pillai,1,0.15,1293.13,324.19
4092,2024-11-17,West,Groceries,Snacks Box,Rohit Kapoor,1,0.2,829.24,189.1
4093,2024-11-17,South,Stationery,Geometry Box,Arjun Reddy,1,0.1,820.35,185.06
4094,2024-11-17,North,Furniture,Bookshelf,Rahul Sharma,7,0.2,5328.84,1226.35
4095,2024-11-18,South,Electronics,Headphones,Manoj Pillai,9,0.2,19212.98,2458.92
4096,2024-11-18,East,Stationery,Notebook,Pooja Iyer,4,0.1,2016.96,293.41
4097,2024-11-18,West,Groceries,Tea Pack,Vikram Rao,9,0.15,10464.44,2322.4
4098,2024-11-19,East,Electronics,Tablet,Manoj Pillai,7,0.1,27618.71,6555.22
4099,2024-11-19,South,Furniture,Office Chair,Rohit Kapoor,9,0.05,7984.56,1309.47
4100,2024-11-19,West,Stationery,Geometry Box,Priya Verma,18,0.15,7920.03,2006.07
4101,2024-11-20,West,Electronics,Headphones,Divya Menon,9,0.15,22733.55,5714.05
4102,2024-11-20,South,Groceries,Tea Pack,Kavita Das,8,0.1,12255.94,1739.82
4103,2024-11-20,West,Furniture,Office Chair,Karan Mehta,7,0.05,9117.78,1301.36
4104,2024-11-20,North,Clothing,T-Shirt,Sanjay Malhotra,9,0.0,25143.89,5032.06
4105,2024-11-21,South,Groceries,Snacks Box,Kavita Das,6,0.2,3329.89,747.8
4106,2024-11-21,North,Groceries,Cooking Oil,Sneha Gupta,3,0.15,9337.93,1344.78
4107,2024-11-21,West,Electronics,Smart Watch,Neha Joshi,9,0.2,3570.24,465.21
4108,2024-11-21,South,Furniture,Bookshelf,Arjun Reddy,10,0.0,1444.94,379.31
4109,2024-11-21,West,Clothing,Jacket,Kavita Das,9,0.15,3359.06,932.86
4110,2024-11-22,West,Groceries,Spices Set,Anjali Nair,5,0.0,8836.63,1670.42
4111,2024-11-22,West,Clothing,Jacket,Sneha Gupta,10,0.2,3971.27,1047.26
4112,2024-11-22,North,Groceries,Cooking Oil,Pooja Iyer,9,0.0,18285.42,2065.53
4113,2024-11-22,West,Stationery,Notebook,Rohit Kapoor,10,0.1,8285.82,2465.14
4114,2024-11-22,West,Furniture,Bookshelf,Kavita Das,9,0.05,7573.08,1591.1
4115,2024-11-23,West,Furniture,Bed Frame,Rahul Sharma,9,0.0,10295.01,1192.73
4116,2024-11-23,South,Stationery,Marker Pack,Arjun Reddy,2,0.05,561.76,127.14
4117,2024-11-23,North,Clothing,T-Shirt,Rohit Kapoor,9,0.0,11525.7,2459.75
4118,2024-11-23,West,Electronics,Tablet,Sanjay Malhotra,3,0.0,8187.13,1618.52
4119,2024-11-23,West,Groceries,Spices Set,Rahul Sharma,6,0.0,8127.05,1169.39
4120,2024-11-23,South,Stationery,File Folder,Amit Singh,7,0.2,5267.44,770.07
4121,2024-11-24,West,Clothing,Cap,Manoj Pillai,8,0.0,7451.92,1216.43
4122,2024-11-24,West,Groceries,Snacks Box,Pooja Iyer,9,0.2,9047.2,1843.03
4123,2024-11-24,South,Furniture,Sofa,Anjali Nair,8,0.0,7166.4,1350.52
4124,2024-11-24,North,Furniture,Wooden Table,Priya Verma,9,0.1,9608.49,2270.19
4125,2024-11-24,East,Groceries,Rice Pack,Anjali Nair,3,0.0,5047.84,1128.56
4126,2024-11-25,East,Clothing,Jacket,Rahul Sharma,12,0.1,34356.84,4873.43
4127,2024-11-25,North,Clothing,T-Shirt,Vikram Rao,8,0.0,29390.76,7062.96
4128,2024-11-25,South,Furniture,Sofa,Kavita Das,1,0.05,477.76,142.42
4129,2024-11-25,North,Clothing,Shoes,Kavita Das,9,0.2,6444.01,692.7
4130,2024-11-26,West,Stationery,Marker Pack,Rohit Kapoor,1,0.05,624.49,184.04
4131,2024-11-26,East,Clothing,Shoes,Rohit Kapoor,5,0.1,6851.73,1333.39
4132,2024-11-26,East,Electronics,Laptop,Kavita Das,7,0.15,25147.96,6610.91
4133,2024-11-26,North,Groceries,Cooking Oil,Amit Singh,10,0.1,23292.77,5862.24
4134,2024-11-26,South,Electronics,Headphones,Neha Joshi,8,0.1,9979.46,2828.17
4135,2024-11-26,South,Groceries,Cooking Oil,Priya Verma,17,0.15,25393.23,3597.6
4136,2024-11-27,South,Stationery,Notebook,Anjali Nair,9,0.1,10963.21,2547.61
4137,2024-11-27,South,Furniture,Wooden Table,Amit Singh,5,0.0,2393.25,714.46
4138,2024-11-27,East,Electronics,Tablet,Anjali Nair,5,0.2,5692.34,1062.03
4139,2024-11-28,North,Groceries,Cooking Oil,Vikram Rao,5,0.15,17827.34,4310.72
4140,2024-11-28,West,Furniture,Office Chair,Anjali Nair,10,0.1,8478.96,1950.67
4141,2024-11-28,West,Clothing,Cap,Priya Verma,12,0.0,17477.28,1793.62
4142,2024-11-28,South,Furniture,Office Chair,Rohit Kapoor,2,0.15,1128.86,129.1
4143,2024-11-28,East,Electronics,Laptop,Sanjay Malhotra,5,0.1,13909.0,2466.35
4144,2024-11-28,North,Stationery,Geometry Box,Kavita Das,9,0.05,24120.74,6323.79
4145,2024-11-29,North,Furniture,Bed Frame,Sanjay Malhotra,3,0.2,3255.7,758.21
4146,2024-11-29,South,Furniture,Office Chair,Sanjay Malhotra,3,0.15,2688.72,610.02
4147,2024-11-29,North,Stationery,File Folder,Karan Mehta,3,0.0,7032.03,968.46
4148,2024-11-29,West,Groceries,Tea Pack,Priya Verma,16,0.15,35848.71,6707.35
4149,2024-11-29,North,Electronics,Laptop,Anjali Nair,7,0.05,16995.72,4457.32
4150,2024-11-30,South,Furniture,Wooden Table,Arjun Reddy,4,0.1,2564.51,535.58
4151,2024-11-30,North,Furniture,Bookshelf,Karan Mehta,9,0.05,22519.54,4450.86
4152,2024-11-30,North,Electronics,Smart Watch,Kavita Das,8,0.2,7706.6,1001.43
4153,2024-12-01,East,Groceries,Rice Pack,Vikram Rao,5,0.0,9630.02,1369.94
4154,2024-12-01,East,Electronics,Smart Watch,Vikram Rao,7,0.1,13637.37,2201.53
4155,2024-12-01,West,Electronics,Smartphone,Rohit Kapoor,7,0.05,14345.46,1802.48
4156,2024-12-01,South,Electronics,Tablet,Neha Joshi,6,0.15,12590.08,2854.69
4157,2024-12-01,East,Stationery,Pen Set,Arjun Reddy,3,0.15,4298.95,752.86
4158,2024-12-02,North,Clothing,Cap,Rahul Sharma,8,0.05,38392.89,6322.36
4159,2024-12-02,South,Clothing,Jacket,Priya Verma,12,0.1,17330.55,2619.75
4160,2024-12-02,West,Groceries,Cooking Oil,Amit Singh,9,0.2,5857.15,586.64
4161,2024-12-02,West,Furniture,Wooden Table,Priya Verma,13,0.1,6505.63,1612.01
4162,2024-12-02,North,Clothing,Shoes,Vikram Rao,10,0.05,12012.88,1424.24
4163,2024-12-03,West,Stationery,File Folder,Pooja Iyer,10,0.1,5597.95,709.83
4164,2024-12-03,North,Clothing,T-Shirt,Neha Joshi,6,0.1,9325.18,1856.73
4165,2024-12-03,West,Groceries,Rice Pack,Rohit Kapoor,4,0.0,7751.54,2022.21
4166,2024-12-03,North,Electronics,Smartphone,Divya Menon,9,0.15,54613.41,6398.22
4167,2024-12-03,South,Stationery,Notebook,Anjali Nair,2,0.0,946.85,176.71
4168,2024-12-04,South,Electronics,Smartphone,Pooja Iyer,9,0.0,14592.45,1743.27
4169,2024-12-04,West,Stationery,Geometry Box,Karan Mehta,5,0.05,4018.96,766.93
4170,2024-12-04,North,Groceries,Spices Set,Arjun Reddy,1,0.05,4095.74,1082.89
4171,2024-12-04,South,Furniture,Office Chair,Anjali Nair,5,0.05,3817.92,531.59
4172,2024-12-04,West,Electronics,Smartphone,Amit Singh,4,0.0,4253.62,852.6
4173,2024-12-04,East,Clothing,T-Shirt,Arjun Reddy,6,0.05,4633.88,1150.04
4174,2024-12-05,East,Furniture,Office Chair,Karan Mehta,7,0.15,1395.96,227.55
4175,2024-12-05,East,Clothing,Cap,Neha Joshi,3,0.0,1803.64,490.56
4176,2024-12-05,West,Furniture,Wooden Table,Kavita Das,9,0.05,2945.48,796.98
4177,2024-12-06,North,Electronics,Headphones,Sneha Gupta,10,0.05,18610.43,2516.51
4178,2024-12-06,East,Groceries,Cooking Oil,Arjun Reddy,1,0.0,2836.49,702.97
4179,2024-12-06,North,Electronics,Smartphone,Sanjay Malhotra,4,0.1,15410.99,2185.51
4180,2024-12-06,North,Furniture,Wooden Table,Arjun Reddy,3,0.1,2096.7,368.53
4181,2024-12-06,North,Furniture,Wooden Table,Sneha Gupta,10,0.1,10666.82,2901.2
4182,2024-12-07,East,Furniture,Wooden Table,Vikram Rao,3,0.2,1946.42,495.37
4183,2024-12-07,East,Stationery,Marker Pack,Karan Mehta,1,0.05,753.75,152.56
4184,2024-12-07,West,Furniture,Sofa,Amit Singh,1,0.2,1220.21,182.43
4185,2024-12-07,West,Groceries,Cooking Oil,Vikram Rao,10,0.2,14327.37,2465.81
4186,2024-12-07,West,Furniture,Sofa,Karan Mehta,2,0.1,2067.04,618.99
4187,2024-12-08,East,Clothing,Cap,Kavita Das,2,0.1,3138.4,877.01
4188,2024-12-08,South,Clothing,Jeans,Kavita Das,9,0.0,11849.17,2172.08
4189,2024-12-08,East,Electronics,Headphones,Pooja Iyer,6,0.05,8151.73,2199.33
4190,2024-12-08,East,Furniture,Sofa,Manoj Pillai,8,0.1,11829.82,2114.71
4191,2024-12-08,East,Furniture,Sofa,Sneha Gupta,9,0.2,9257.21,2221.19
4192,2024-12-08,West,Furniture,Bed Frame,Rohit Kapoor,6,0.05,2171.38,305.1
4193,2024-12-09,West,Stationery,Pen Set,Vikram Rao,2,0.1,2019.92,265.28
4194,2024-12-09,West,Groceries,Cooking Oil,Divya Menon,9,0.05,8905.78,1269.08
4195,2024-12-09,East,Groceries,Spices Set,Anjali Nair,9,0.15,7235.71,1559.66
4196,2024-12-09,West,Electronics,Smart Watch,Divya Menon,9,0.05,12500.63,2426.09
4197,2024-12-09,South,Stationery,File Folder,Sanjay Malhotra,9,0.0,6208.05,1060.94
4198,2024-12-09,South,Stationery,Notebook,Priya Verma,15,0.2,12059.19,2319.96
4199,2024-12-10,South,Electronics,Smart Watch,Sanjay Malhotra,4,0.15,2020.87,225.91
4200,2024-12-10,South,Electronics,Smartphone,Vikram Rao,9,0.2,9459.47,1857.79
4201,2024-12-10,North,Stationery,Pen Set,Karan Mehta,5,0.2,4516.25,570.69
4202,2024-12-11,East,Groceries,Cooking Oil,Neha Joshi,5,0.15,5712.4,940.62
4203,2024-12-11,East,Furniture,Bed Frame,Kavita Das,3,0.15,3860.37,614.99
4204,2024-12-11,West,Furniture,Wooden Table,Neha Joshi,2,0.15,610.0,174.55
4205,2024-12-12,North,Furniture,Bookshelf,Kavita Das,10,0.1,14728.97,3431.68
4206,2024-12-12,North,Furniture,Bookshelf,Divya Menon,7,0.1,11338.9,1334.43
4207,2024-12-12,West,Groceries,Rice Pack,Karan Mehta,9,0.05,6745.7,972.29
4208,2024-12-12,North,Electronics,Smartphone,Karan Mehta,2,0.05,5810.83,1479.85
4209,2024-12-12,North,Electronics,Smart Watch,Sanjay Malhotra,4,0.2,15130.45,3726.27
4210,2024-12-13,North,Furniture,Wooden Table,Sneha Gupta,5,0.1,3899.4,1105.59
4211,2024-12-13,West,Groceries,Cooking Oil,Arjun Reddy,5,0.2,8672.76,1355.46
4212,2024-12-13,East,Electronics,Smartphone,Priya Verma,10,0.15,24007.11,2755.6
4213,2024-12-14,North,Electronics,Smart Watch,Rahul Sharma,12,0.2,48755.27,11339.66
4214,2024-12-14,North,Electronics,Smartphone,Kavita Das,5,0.05,31660.49,3410.8
4215,2024-12-14,West,Groceries,Rice Pack,Karan Mehta,9,0.0,18510.19,2118.88
4216,2024-12-14,North,Furniture,Sofa,Amit Singh,2,0.05,1860.05,519.07
4217,2024-12-14,East,Clothing,Cap,Vikram Rao,3,0.0,2799.77,390.56
4218,2024-12-15,North,Groceries,Spices Set,Arjun Reddy,2,0.15,7130.8,2036.76
4219,2024-12-15,North,Furniture,Bed Frame,Karan Mehta,1,0.0,1154.4,226.39
4220,2024-12-15,North,Groceries,Rice Pack,Sneha Gupta,3,0.0,9208.89,1490.8
4221,2024-12-15,North,Furniture,Sofa,Manoj Pillai,8,0.0,5788.65,1658.86
4222,2024-12-15,North,Clothing,T-Shirt,Priya Verma,11,0.2,24423.02,3903.16
4223,2024-12-15,South,Groceries,Rice Pack,Sanjay Malhotra,10,0.05,16819.32,3284.6
4224,2024-12-16,West,Groceries,Snacks Box,Kavita Das,7,0.05,11403.69,1685.11
4225,2024-12-16,North,Electronics,Smart Watch,Vikram Rao,10,0.0,50996.94,8964.76
4226,2024-12-16,East,Furniture,Wooden Table,Arjun Reddy,3,0.0,2188.33,602.66
4227,2024-12-16,North,Furniture,Office Chair,Manoj Pillai,6,0.05,6694.57,1219.7
4228,2024-12-16,West,Furniture,Bookshelf,Priya Verma,12,0.2,5024.62,841.26
4229,2024-12-17,South,Groceries,Snacks Box,Manoj Pillai,2,0.0,819.14,141.43
4230,2024-12-17,West,Electronics,Smart Watch,Neha Joshi,9,0.2,21095.2,3273.63
4231,2024-12-17,East,Groceries,Tea Pack,Neha Joshi,5,0.2,7211.14,2090.71
4232,2024-12-17,South,Electronics,Smartphone,Anjali Nair,2,0.2,4330.3,1039.93
4233,2024-12-17,East,Groceries,Tea Pack,Anjali Nair,7,0.05,8388.52,2144.6
4234,2024-12-18,South,Furniture,Bookshelf,Arjun Reddy,2,0.15,446.38,80.72
4235,2024-12-18,East,Groceries,Snacks Box,Rahul Sharma,11,0.15,24370.88,2547.03
4236,2024-12-18,North,Electronics,Headphones,Kavita Das,5,0.0,31509.15,3183.01
4237,2024-12-18,West,Stationery,Marker Pack,Kavita Das,3,0.1,784.12,188.26
4238,2024-12-18,West,Electronics,Smartphone,Rahul Sharma,10,0.15,19919.83,4670.47
4239,2024-12-19,West,Furniture,Bed Frame,Amit Singh,1,0.15,633.37,87.68
4240,2024-12-19,North,Electronics,Headphones,Kavita Das,3,0.05,6437.32,1354.69
4241,2024-12-19,South,Furniture,Bed Frame,Amit Singh,5,0.0,3180.15,617.61
4242,2024-12-20,South,Clothing,Cap,Neha Joshi,10,0.1,2319.9,358.62
4243,2024-12-20,North,Stationery,Geometry Box,Pooja Iyer,10,0.0,12004.14,3336.93
4244,2024-12-20,North,Electronics,Laptop,Anjali Nair,1,0.1,1823.1,534.96
4245,2024-12-20,West,Furniture,Wooden Table,Sanjay Malhotra,9,0.2,2506.54,664.55
4246,2024-12-21,East,Electronics,Headphones,Pooja Iyer,9,0.0,25358.55,4890.96
4247,2024-12-21,South,Electronics,Laptop,Manoj Pillai,9,0.0,21285.94,2229.62
4248,2024-12-21,East,Electronics,Tablet,Vikram Rao,6,0.05,9329.7,2077.28
4249,2024-12-21,South,Stationery,Notebook,Manoj Pillai,5,0.1,3423.93,623.15
4250,2024-12-21,West,Clothing,Jeans,Rohit Kapoor,1,0.05,490.62,99.1
4251,2024-12-21,South,Electronics,Smart Watch,Sneha Gupta,6,0.15,13689.16,2900.04
4252,2024-12-22,South,Groceries,Spices Set,Neha Joshi,2,0.05,648.76,171.78
4253,2024-12-22,West,Clothing,Jeans,Kavita Das,7,0.2,10128.56,1658.93
4254,2024-12-22,East,Stationery,Geometry Box,Anjali Nair,8,0.1,10721.52,1728.44
4255,2024-12-23,East,Furniture,Bed Frame,Manoj Pillai,1,0.15,963.32,179.16
4256,2024-12-23,North,Clothing,Jacket,Manoj Pillai,3,0.2,8393.03,1751.16
4257,2024-12-23,North,Groceries,Rice Pack,Divya Menon,1,0.15,1664.09,319.4
4258,2024-12-24,West,Clothing,Jacket,Pooja Iyer,1,0.0,1343.52,173.02
4259,2024-12-24,West,Electronics,Laptop,Karan Mehta,9,0.0,13249.24,3706.92
4260,2024-12-24,North,Furniture,Sofa,Sneha Gupta,1,0.2,831.02,162.7
4261,2024-12-24,West,Stationery,File Folder,Amit Singh,10,0.15,6623.55,1061.48
4262,2024-12-25,South,Clothing,T-Shirt,Rohit Kapoor,5,0.05,3008.33,385.57
4263,2024-12-25,East,Furniture,Wooden Table,Vikram Rao,9,0.0,12543.84,1941.55
4264,2024-12-25,West,Furniture,Sofa,Priya Verma,12,0.1,5549.22,1221.22
4265,2024-12-25,East,Stationery,Geometry Box,Anjali Nair,8,0.1,14584.92,3164.81
4266,2024-12-25,North,Groceries,Cooking Oil,Kavita Das,8,0.2,26043.21,2682.17
4267,2024-12-25,East,Furniture,Sofa,Pooja Iyer,1,0.05,1670.9,238.24
4268,2024-12-26,East,Stationery,Geometry Box,Anjali Nair,3,0.05,5788.15,951.76
4269,2024-12-26,South,Stationery,Marker Pack,Sneha Gupta,1,0.1,154.93,41.15
4270,2024-12-26,West,Groceries,Cooking Oil,Manoj Pillai,10,0.2,3864.05,508.46
4271,2024-12-26,West,Clothing,Jeans,Neha Joshi,3,0.05,1032.37,121.2
4272,2024-12-27,South,Electronics,Headphones,Arjun Reddy,4,0.2,2258.11,409.22
4273,2024-12-27,South,Groceries,Rice Pack,Karan Mehta,4,0.05,5791.92,1449.75
4274,2024-12-27,South,Electronics,Laptop,Neha Joshi,3,0.2,921.49,190.13
4275,2024-12-27,East,Electronics,Laptop,Amit Singh,1,0.15,696.09,151.06
4276,2024-12-27,North,Stationery,Pen Set,Arjun Reddy,4,0.05,6517.76,945.98
4277,2024-12-27,West,Electronics,Tablet,Rahul Sharma,5,0.0,13596.22,3286.84
4278,2024-12-28,West,Electronics,Smart Watch,Amit Singh,3,0.1,4728.44,1151.79
4279,2024-12-28,East,Groceries,Rice Pack,Rohit Kapoor,6,0.1,15444.88,2499.3
4280,2024-12-28,West,Stationery,File Folder,Sanjay Malhotra,3,0.05,609.05,157.61
4281,2024-12-28,East,Furniture,Wooden Table,Divya Menon,4,0.0,6817.05,1569.13
4282,2024-12-28,West,Groceries,Spices Set,Sanjay Malhotra,2,0.1,1907.29,301.21
4283,2024-12-29,South,Groceries,Rice Pack,Sanjay Malhotra,2,0.2,1066.19,268.03
4284,2024-12-29,South,Stationery,Notebook,Manoj Pillai,2,0.15,2417.36,448.62
4285,2024-12-29,West,Groceries,Snacks Box,Rahul Sharma,14,0.05,24515.19,6846.26
4286,2024-12-29,West,Electronics,Laptop,Rahul Sharma,18,0.05,40828.02,9374.14
4287,2024-12-29,West,Stationery,Notebook,Karan Mehta,2,0.2,523.95,66.23
4288,2024-12-30,North,Groceries,Tea Pack,Arjun Reddy,9,0.15,4572.57,1032.67
4289,2024-12-30,West,Groceries,Cooking Oil,Anjali Nair,4,0.05,2386.01,564.99
4290,2024-12-30,North,Stationery,Geometry Box,Neha Joshi,3,0.0,10403.18,1827.94
